state_name,year,month,demand
ANDHRA PRADESH,2014,4,2568908
ANDHRA PRADESH,2014,5,2844589
ANDHRA PRADESH,2014,6,2884552
ANDHRA PRADESH,2014,7,1950953
ANDHRA PRADESH,2014,8,1083924
ANDHRA PRADESH,2014,9,651258
ANDHRA PRADESH,2014,10,418937
ANDHRA PRADESH,2014,11,324543
ANDHRA PRADESH,2014,12,518184
ANDHRA PRADESH,2015,1,657819
ANDHRA PRADESH,2015,2,1084181
ANDHRA PRADESH,2015,3,1788052
ARUNACHAL PRADESH,2014,4,14443
ARUNACHAL PRADESH,2014,5,5402
ARUNACHAL PRADESH,2014,6,14677
ARUNACHAL PRADESH,2014,7,18333
ARUNACHAL PRADESH,2014,8,9498
ARUNACHAL PRADESH,2014,9,22170
ARUNACHAL PRADESH,2014,10,13329
ARUNACHAL PRADESH,2014,11,9886
ARUNACHAL PRADESH,2014,12,27792
ARUNACHAL PRADESH,2015,1,35105
ARUNACHAL PRADESH,2015,2,35241
ARUNACHAL PRADESH,2015,3,63416
ASSAM,2014,4,62471
ASSAM,2014,5,80800
ASSAM,2014,6,104545
ASSAM,2014,7,140326
ASSAM,2014,8,245898
ASSAM,2014,9,308408
ASSAM,2014,10,287656
ASSAM,2014,11,234278
ASSAM,2014,12,287066
ASSAM,2015,1,157890
ASSAM,2015,2,133292
ASSAM,2015,3,328908
BIHAR,2014,4,376815
BIHAR,2014,5,543395
BIHAR,2014,6,600014
BIHAR,2014,7,212939
BIHAR,2014,8,221046
BIHAR,2014,9,189969
BIHAR,2014,10,144551
BIHAR,2014,11,114871
BIHAR,2014,12,94453
BIHAR,2015,1,65786
BIHAR,2015,2,35520
BIHAR,2015,3,49494
CHHATTISGARH,2014,4,1210698
CHHATTISGARH,2014,5,1410261
CHHATTISGARH,2014,6,1238022
CHHATTISGARH,2014,7,217092
CHHATTISGARH,2014,8,62510
CHHATTISGARH,2014,9,49335
CHHATTISGARH,2014,10,17654
CHHATTISGARH,2014,11,11123
CHHATTISGARH,2014,12,11484
CHHATTISGARH,2015,1,8679
CHHATTISGARH,2015,2,10789
CHHATTISGARH,2015,3,17026
GOA,2014,4,1021
GOA,2014,5,2206
GOA,2014,6,2299
GOA,2014,7,2038
GOA,2014,8,1730
GOA,2014,9,2782
GOA,2014,10,2181
GOA,2014,11,1113
GOA,2014,12,1054
GOA,2015,1,1000
GOA,2015,2,964
GOA,2015,3,1145
GUJARAT,2014,4,84300
GUJARAT,2014,5,163916
GUJARAT,2014,6,267114
GUJARAT,2014,7,204985
GUJARAT,2014,8,93503
GUJARAT,2014,9,69689
GUJARAT,2014,10,65566
GUJARAT,2014,11,97172
GUJARAT,2014,12,107086
GUJARAT,2015,1,96736
GUJARAT,2015,2,132500
GUJARAT,2015,3,99667
HARYANA,2014,4,24969
HARYANA,2014,5,62112
HARYANA,2014,6,98503
HARYANA,2014,7,83963
HARYANA,2014,8,63187
HARYANA,2014,9,39537
HARYANA,2014,10,23311
HARYANA,2014,11,37081
HARYANA,2014,12,42063
HARYANA,2015,1,42435
HARYANA,2015,2,39120
HARYANA,2015,3,30884
HIMACHAL PRADESH,2014,4,105002
HIMACHAL PRADESH,2014,5,118318
HIMACHAL PRADESH,2014,6,140282
HIMACHAL PRADESH,2014,7,154197
HIMACHAL PRADESH,2014,8,107569
HIMACHAL PRADESH,2014,9,124808
HIMACHAL PRADESH,2014,10,143127
HIMACHAL PRADESH,2014,11,182599
HIMACHAL PRADESH,2014,12,133107
HIMACHAL PRADESH,2015,1,128637
HIMACHAL PRADESH,2015,2,144779
HIMACHAL PRADESH,2015,3,145356
JAMMU AND KASHMIR,2014,4,25099
JAMMU AND KASHMIR,2014,5,33964
JAMMU AND KASHMIR,2014,6,43664
JAMMU AND KASHMIR,2014,7,47385
JAMMU AND KASHMIR,2014,8,42412
JAMMU AND KASHMIR,2014,9,31908
JAMMU AND KASHMIR,2014,10,42007
JAMMU AND KASHMIR,2014,11,52313
JAMMU AND KASHMIR,2014,12,43800
JAMMU AND KASHMIR,2015,1,53526
JAMMU AND KASHMIR,2015,2,69840
JAMMU AND KASHMIR,2015,3,108191
JHARKHAND,2014,4,346361
JHARKHAND,2014,5,462891
JHARKHAND,2014,6,495300
JHARKHAND,2014,7,383451
JHARKHAND,2014,8,262208
JHARKHAND,2014,9,324762
JHARKHAND,2014,10,331732
JHARKHAND,2014,11,242792
JHARKHAND,2014,12,177483
JHARKHAND,2015,1,323645
JHARKHAND,2015,2,468155
JHARKHAND,2015,3,462292
KARNATAKA,2014,4,253443
KARNATAKA,2014,5,305246
KARNATAKA,2014,6,192520
KARNATAKA,2014,7,181515
KARNATAKA,2014,8,189607
KARNATAKA,2014,9,544945
KARNATAKA,2014,10,175246
KARNATAKA,2014,11,167447
KARNATAKA,2014,12,168897
KARNATAKA,2015,1,202921
KARNATAKA,2015,2,215240
KARNATAKA,2015,3,113536
KERALA,2014,4,28320
KERALA,2014,5,224085
KERALA,2014,6,381078
KERALA,2014,7,500606
KERALA,2014,8,687797
KERALA,2014,9,647016
KERALA,2014,10,818561
KERALA,2014,11,719018
KERALA,2014,12,738120
KERALA,2015,1,844779
KERALA,2015,2,890841
KERALA,2015,3,796132
LADAKH,2014,4,0
LADAKH,2014,5,0
LADAKH,2014,6,0
LADAKH,2014,7,0
LADAKH,2014,8,0
LADAKH,2014,9,0
LADAKH,2014,10,0
LADAKH,2014,11,0
LADAKH,2014,12,0
LADAKH,2015,1,0
LADAKH,2015,2,0
LADAKH,2015,3,0
MADHYA PRADESH,2014,4,1265053
MADHYA PRADESH,2014,5,1552635
MADHYA PRADESH,2014,6,1678815
MADHYA PRADESH,2014,7,1095494
MADHYA PRADESH,2014,8,500617
MADHYA PRADESH,2014,9,500588
MADHYA PRADESH,2014,10,538973
MADHYA PRADESH,2014,11,385606
MADHYA PRADESH,2014,12,257153
MADHYA PRADESH,2015,1,132203
MADHYA PRADESH,2015,2,125929
MADHYA PRADESH,2015,3,121248
MAHARASHTRA,2014,4,426667
MAHARASHTRA,2014,5,559395
MAHARASHTRA,2014,6,503189
MAHARASHTRA,2014,7,299149
MAHARASHTRA,2014,8,196146
MAHARASHTRA,2014,9,151162
MAHARASHTRA,2014,10,124461
MAHARASHTRA,2014,11,178999
MAHARASHTRA,2014,12,251041
MAHARASHTRA,2015,1,339059
MAHARASHTRA,2015,2,419888
MAHARASHTRA,2015,3,426823
MANIPUR,2014,4,9154
MANIPUR,2014,5,72931
MANIPUR,2014,6,199256
MANIPUR,2014,7,158263
MANIPUR,2014,8,198868
MANIPUR,2014,9,225311
MANIPUR,2014,10,115450
MANIPUR,2014,11,136660
MANIPUR,2014,12,175643
MANIPUR,2015,1,101865
MANIPUR,2015,2,292671
MANIPUR,2015,3,231934
MEGHALAYA,2014,4,4310
MEGHALAYA,2014,5,13175
MEGHALAYA,2014,6,27402
MEGHALAYA,2014,7,49884
MEGHALAYA,2014,8,65784
MEGHALAYA,2014,9,88004
MEGHALAYA,2014,10,117412
MEGHALAYA,2014,11,143231
MEGHALAYA,2014,12,122121
MEGHALAYA,2015,1,134583
MEGHALAYA,2015,2,157568
MEGHALAYA,2015,3,104946
MIZORAM,2014,4,0
MIZORAM,2014,5,0
MIZORAM,2014,6,0
MIZORAM,2014,7,0
MIZORAM,2014,8,34
MIZORAM,2014,9,174562
MIZORAM,2014,10,82557
MIZORAM,2014,11,93735
MIZORAM,2014,12,163287
MIZORAM,2015,1,14478
MIZORAM,2015,2,176780
MIZORAM,2015,3,177092
NAGALAND,2014,4,249765
NAGALAND,2014,5,169365
NAGALAND,2014,6,178671
NAGALAND,2014,7,151981
NAGALAND,2014,8,118946
NAGALAND,2014,9,122669
NAGALAND,2014,10,107811
NAGALAND,2014,11,95290
NAGALAND,2014,12,84616
NAGALAND,2015,1,91014
NAGALAND,2015,2,103145
NAGALAND,2015,3,84324
ODISHA,2014,4,355641
ODISHA,2014,5,677155
ODISHA,2014,6,657101
ODISHA,2014,7,257290
ODISHA,2014,8,275108
ODISHA,2014,9,278325
ODISHA,2014,10,277124
ODISHA,2014,11,289769
ODISHA,2014,12,342006
ODISHA,2015,1,449011
ODISHA,2015,2,422340
ODISHA,2015,3,338710
PUNJAB,2014,4,71236
PUNJAB,2014,5,117094
PUNJAB,2014,6,151420
PUNJAB,2014,7,76782
PUNJAB,2014,8,70375
PUNJAB,2014,9,27552
PUNJAB,2014,10,12341
PUNJAB,2014,11,9317
PUNJAB,2014,12,18768
PUNJAB,2015,1,28551
PUNJAB,2015,2,49734
PUNJAB,2015,3,62428
RAJASTHAN,2014,4,1035930
RAJASTHAN,2014,5,2076857
RAJASTHAN,2014,6,2573125
RAJASTHAN,2014,7,1486345
RAJASTHAN,2014,8,482207
RAJASTHAN,2014,9,470248
RAJASTHAN,2014,10,451037
RAJASTHAN,2014,11,708018
RAJASTHAN,2014,12,1022987
RAJASTHAN,2015,1,707573
RAJASTHAN,2015,2,910007
RAJASTHAN,2015,3,1050428
SIKKIM,2014,4,4691
SIKKIM,2014,5,12103
SIKKIM,2014,6,26515
SIKKIM,2014,7,17111
SIKKIM,2014,8,12201
SIKKIM,2014,9,13610
SIKKIM,2014,10,4603
SIKKIM,2014,11,10204
SIKKIM,2014,12,9224
SIKKIM,2015,1,12130
SIKKIM,2015,2,17691
SIKKIM,2015,3,23491
TAMIL NADU,2014,4,3376879
TAMIL NADU,2014,5,3900320
TAMIL NADU,2014,6,3980818
TAMIL NADU,2014,7,3833971
TAMIL NADU,2014,8,1822584
TAMIL NADU,2014,9,1179013
TAMIL NADU,2014,10,879184
TAMIL NADU,2014,11,801851
TAMIL NADU,2014,12,936953
TAMIL NADU,2015,1,1464742
TAMIL NADU,2015,2,2149982
TAMIL NADU,2015,3,2096693
TELANGANA,2014,4,2072266
TELANGANA,2014,5,2299531
TELANGANA,2014,6,2149763
TELANGANA,2014,7,1241157
TELANGANA,2014,8,401460
TELANGANA,2014,9,349613
TELANGANA,2014,10,295898
TELANGANA,2014,11,273630
TELANGANA,2014,12,231307
TELANGANA,2015,1,397954
TELANGANA,2015,2,1202728
TELANGANA,2015,3,1563506
TRIPURA,2014,4,2292
TRIPURA,2014,5,36898
TRIPURA,2014,6,394147
TRIPURA,2014,7,192227
TRIPURA,2014,8,305350
TRIPURA,2014,9,357170
TRIPURA,2014,10,199583
TRIPURA,2014,11,402860
TRIPURA,2014,12,494981
TRIPURA,2015,1,528622
TRIPURA,2015,2,514514
TRIPURA,2015,3,484685
UTTAR PRADESH,2014,4,401796
UTTAR PRADESH,2014,5,683028
UTTAR PRADESH,2014,6,1393399
UTTAR PRADESH,2014,7,1237168
UTTAR PRADESH,2014,8,842780
UTTAR PRADESH,2014,9,640263
UTTAR PRADESH,2014,10,694253
UTTAR PRADESH,2014,11,915918
UTTAR PRADESH,2014,12,1395466
UTTAR PRADESH,2015,1,1372354
UTTAR PRADESH,2015,2,1356947
UTTAR PRADESH,2015,3,1335368
UTTARAKHAND,2014,4,7169
UTTARAKHAND,2014,5,12534
UTTARAKHAND,2014,6,8741
UTTARAKHAND,2014,7,19404
UTTARAKHAND,2014,8,39235
UTTARAKHAND,2014,9,65693
UTTARAKHAND,2014,10,90463
UTTARAKHAND,2014,11,132446
UTTARAKHAND,2014,12,151738
UTTARAKHAND,2015,1,195245
UTTARAKHAND,2015,2,191599
UTTARAKHAND,2015,3,164953
WEST BENGAL,2014,4,912746
WEST BENGAL,2014,5,1146543
WEST BENGAL,2014,6,2720559
WEST BENGAL,2014,7,2194669
WEST BENGAL,2014,8,1615921
WEST BENGAL,2014,9,1111819
WEST BENGAL,2014,10,817449
WEST BENGAL,2014,11,790901
WEST BENGAL,2014,12,677666
WEST BENGAL,2015,1,814193
WEST BENGAL,2015,2,1045525
WEST BENGAL,2015,3,1245871
ANDAMAN AND NICOBAR,2014,4,3414
ANDAMAN AND NICOBAR,2014,5,4087
ANDAMAN AND NICOBAR,2014,6,3799
ANDAMAN AND NICOBAR,2014,7,3072
ANDAMAN AND NICOBAR,2014,8,3490
ANDAMAN AND NICOBAR,2014,9,4273
ANDAMAN AND NICOBAR,2014,10,2918
ANDAMAN AND NICOBAR,2014,11,2607
ANDAMAN AND NICOBAR,2014,12,4317
ANDAMAN AND NICOBAR,2015,1,3601
ANDAMAN AND NICOBAR,2015,2,4195
ANDAMAN AND NICOBAR,2015,3,3585
DN HAVELI AND DD,2014,4,0
DN HAVELI AND DD,2014,5,0
DN HAVELI AND DD,2014,6,0
DN HAVELI AND DD,2014,7,0
DN HAVELI AND DD,2014,8,0
DN HAVELI AND DD,2014,9,0
DN HAVELI AND DD,2014,10,0
DN HAVELI AND DD,2014,11,0
DN HAVELI AND DD,2014,12,0
DN HAVELI AND DD,2015,1,0
DN HAVELI AND DD,2015,2,0
DN HAVELI AND DD,2015,3,0
LAKSHADWEEP,2014,4,3
LAKSHADWEEP,2014,5,14
LAKSHADWEEP,2014,6,58
LAKSHADWEEP,2014,7,7
LAKSHADWEEP,2014,8,46
LAKSHADWEEP,2014,9,32
LAKSHADWEEP,2014,10,57
LAKSHADWEEP,2014,11,113
LAKSHADWEEP,2014,12,95
LAKSHADWEEP,2015,1,77
LAKSHADWEEP,2015,2,243
LAKSHADWEEP,2015,3,263
PUDUCHERRY,2014,4,0
PUDUCHERRY,2014,5,0
PUDUCHERRY,2014,6,11129
PUDUCHERRY,2014,7,10259
PUDUCHERRY,2014,8,2152
PUDUCHERRY,2014,9,2725
PUDUCHERRY,2014,10,1972
PUDUCHERRY,2014,11,3508
PUDUCHERRY,2014,12,740
PUDUCHERRY,2015,1,5556
PUDUCHERRY,2015,2,10916
PUDUCHERRY,2015,3,18242
ANDHRA PRADESH,2015,4,2499055
ANDHRA PRADESH,2015,5,2966936
ANDHRA PRADESH,2015,6,2817862
ANDHRA PRADESH,2015,7,1885457
ANDHRA PRADESH,2015,8,1445811
ANDHRA PRADESH,2015,9,898592
ANDHRA PRADESH,2015,10,585194
ANDHRA PRADESH,2015,11,468962
ANDHRA PRADESH,2015,12,682732
ANDHRA PRADESH,2016,1,871168
ANDHRA PRADESH,2016,2,2248389
ANDHRA PRADESH,2016,3,2273092
ARUNACHAL PRADESH,2015,4,65218
ARUNACHAL PRADESH,2015,5,68027
ARUNACHAL PRADESH,2015,6,46087
ARUNACHAL PRADESH,2015,7,31447
ARUNACHAL PRADESH,2015,8,37993
ARUNACHAL PRADESH,2015,9,58760
ARUNACHAL PRADESH,2015,10,40017
ARUNACHAL PRADESH,2015,11,78844
ARUNACHAL PRADESH,2015,12,62615
ARUNACHAL PRADESH,2016,1,21177
ARUNACHAL PRADESH,2016,2,15226
ARUNACHAL PRADESH,2016,3,30233
ASSAM,2015,4,174697
ASSAM,2015,5,271970
ASSAM,2015,6,220219
ASSAM,2015,7,256137
ASSAM,2015,8,309238
ASSAM,2015,9,326523
ASSAM,2015,10,427782
ASSAM,2015,11,416395
ASSAM,2015,12,465514
ASSAM,2016,1,486197
ASSAM,2016,2,536041
ASSAM,2016,3,415470
BIHAR,2015,4,90929
BIHAR,2015,5,180727
BIHAR,2015,6,273769
BIHAR,2015,7,260135
BIHAR,2015,8,309332
BIHAR,2015,9,365757
BIHAR,2015,10,339946
BIHAR,2015,11,383727
BIHAR,2015,12,613119
BIHAR,2016,1,717950
BIHAR,2016,2,777987
BIHAR,2016,3,548994
CHHATTISGARH,2015,4,137635
CHHATTISGARH,2015,5,724069
CHHATTISGARH,2015,6,894821
CHHATTISGARH,2015,7,138740
CHHATTISGARH,2015,8,94580
CHHATTISGARH,2015,9,182350
CHHATTISGARH,2015,10,454513
CHHATTISGARH,2015,11,635278
CHHATTISGARH,2015,12,1313210
CHHATTISGARH,2016,1,1431770
CHHATTISGARH,2016,2,1415761
CHHATTISGARH,2016,3,975303
GOA,2015,4,1146
GOA,2015,5,1123
GOA,2015,6,2022
GOA,2015,7,1150
GOA,2015,8,2202
GOA,2015,9,1881
GOA,2015,10,858
GOA,2015,11,611
GOA,2015,12,335
GOA,2016,1,448
GOA,2016,2,784
GOA,2016,3,822
GUJARAT,2015,4,45397
GUJARAT,2015,5,82082
GUJARAT,2015,6,107530
GUJARAT,2015,7,42885
GUJARAT,2015,8,35740
GUJARAT,2015,9,50484
GUJARAT,2015,10,85968
GUJARAT,2015,11,101605
GUJARAT,2015,12,226057
GUJARAT,2016,1,289971
GUJARAT,2016,2,352890
GUJARAT,2016,3,212539
HARYANA,2015,4,14612
HARYANA,2015,5,54552
HARYANA,2015,6,58340
HARYANA,2015,7,52738
HARYANA,2015,8,37807
HARYANA,2015,9,32821
HARYANA,2015,10,50841
HARYANA,2015,11,49580
HARYANA,2015,12,57150
HARYANA,2016,1,19209
HARYANA,2016,2,33706
HARYANA,2016,3,49942
HIMACHAL PRADESH,2015,4,76862
HIMACHAL PRADESH,2015,5,117067
HIMACHAL PRADESH,2015,6,157739
HIMACHAL PRADESH,2015,7,168822
HIMACHAL PRADESH,2015,8,160260
HIMACHAL PRADESH,2015,9,188859
HIMACHAL PRADESH,2015,10,173207
HIMACHAL PRADESH,2015,11,155080
HIMACHAL PRADESH,2015,12,85259
HIMACHAL PRADESH,2016,1,13357
HIMACHAL PRADESH,2016,2,68955
HIMACHAL PRADESH,2016,3,116136
JAMMU AND KASHMIR,2015,4,19407
JAMMU AND KASHMIR,2015,5,17945
JAMMU AND KASHMIR,2015,6,13088
JAMMU AND KASHMIR,2015,7,17893
JAMMU AND KASHMIR,2015,8,37171
JAMMU AND KASHMIR,2015,9,64283
JAMMU AND KASHMIR,2015,10,93890
JAMMU AND KASHMIR,2015,11,131698
JAMMU AND KASHMIR,2015,12,201446
JAMMU AND KASHMIR,2016,1,240212
JAMMU AND KASHMIR,2016,2,294268
JAMMU AND KASHMIR,2016,3,270988
JHARKHAND,2015,4,346730
JHARKHAND,2015,5,472609
JHARKHAND,2015,6,494206
JHARKHAND,2015,7,348519
JHARKHAND,2015,8,274487
JHARKHAND,2015,9,345868
JHARKHAND,2015,10,421218
JHARKHAND,2015,11,352334
JHARKHAND,2015,12,404063
JHARKHAND,2016,1,431117
JHARKHAND,2016,2,506028
JHARKHAND,2016,3,578478
KARNATAKA,2015,4,285966
KARNATAKA,2015,5,88762
KARNATAKA,2015,6,57342
KARNATAKA,2015,7,116522
KARNATAKA,2015,8,187136
KARNATAKA,2015,9,282789
KARNATAKA,2015,10,331563
KARNATAKA,2015,11,408486
KARNATAKA,2015,12,454990
KARNATAKA,2016,1,550529
KARNATAKA,2016,2,571627
KARNATAKA,2016,3,476082
KERALA,2015,4,62127
KERALA,2015,5,395243
KERALA,2015,6,808258
KERALA,2015,7,896378
KERALA,2015,8,748785
KERALA,2015,9,928893
KERALA,2015,10,842684
KERALA,2015,11,652829
KERALA,2015,12,837942
KERALA,2016,1,808287
KERALA,2016,2,807974
KERALA,2016,3,689779
LADAKH,2015,4,0
LADAKH,2015,5,0
LADAKH,2015,6,0
LADAKH,2015,7,0
LADAKH,2015,8,0
LADAKH,2015,9,0
LADAKH,2015,10,0
LADAKH,2015,11,0
LADAKH,2015,12,0
LADAKH,2016,1,0
LADAKH,2016,2,0
LADAKH,2016,3,0
MADHYA PRADESH,2015,4,80529
MADHYA PRADESH,2015,5,254895
MADHYA PRADESH,2015,6,610001
MADHYA PRADESH,2015,7,436823
MADHYA PRADESH,2015,8,350180
MADHYA PRADESH,2015,9,632414
MADHYA PRADESH,2015,10,873628
MADHYA PRADESH,2015,11,968188
MADHYA PRADESH,2015,12,1667008
MADHYA PRADESH,2016,1,1614672
MADHYA PRADESH,2016,2,1026212
MADHYA PRADESH,2016,3,370953
MAHARASHTRA,2015,4,529163
MAHARASHTRA,2015,5,642869
MAHARASHTRA,2015,6,520579
MAHARASHTRA,2015,7,199872
MAHARASHTRA,2015,8,142235
MAHARASHTRA,2015,9,165516
MAHARASHTRA,2015,10,184971
MAHARASHTRA,2015,11,177063
MAHARASHTRA,2015,12,303625
MAHARASHTRA,2016,1,459181
MAHARASHTRA,2016,2,621922
MAHARASHTRA,2016,3,642519
MANIPUR,2015,4,10944
MANIPUR,2015,5,11922
MANIPUR,2015,6,113816
MANIPUR,2015,7,72745
MANIPUR,2015,8,137185
MANIPUR,2015,9,117912
MANIPUR,2015,10,166162
MANIPUR,2015,11,113349
MANIPUR,2015,12,138218
MANIPUR,2016,1,111708
MANIPUR,2016,2,69886
MANIPUR,2016,3,283984
MEGHALAYA,2015,4,15191
MEGHALAYA,2015,5,11179
MEGHALAYA,2015,6,23461
MEGHALAYA,2015,7,64370
MEGHALAYA,2015,8,98431
MEGHALAYA,2015,9,129748
MEGHALAYA,2015,10,115156
MEGHALAYA,2015,11,127598
MEGHALAYA,2015,12,110404
MEGHALAYA,2016,1,133632
MEGHALAYA,2016,2,170331
MEGHALAYA,2016,3,125592
MIZORAM,2015,4,115197
MIZORAM,2015,5,61681
MIZORAM,2015,6,20668
MIZORAM,2015,7,156867
MIZORAM,2015,8,26487
MIZORAM,2015,9,179635
MIZORAM,2015,10,15951
MIZORAM,2015,11,1
MIZORAM,2015,12,6
MIZORAM,2016,1,152313
MIZORAM,2016,2,53244
MIZORAM,2016,3,146380
NAGALAND,2015,4,404227
NAGALAND,2015,5,387359
NAGALAND,2015,6,342101
NAGALAND,2015,7,367239
NAGALAND,2015,8,322834
NAGALAND,2015,9,356309
NAGALAND,2015,10,333367
NAGALAND,2015,11,282076
NAGALAND,2015,12,284792
NAGALAND,2016,1,344395
NAGALAND,2016,2,348614
NAGALAND,2016,3,230450
ODISHA,2015,4,151587
ODISHA,2015,5,521520
ODISHA,2015,6,546688
ODISHA,2015,7,338921
ODISHA,2015,8,411047
ODISHA,2015,9,465672
ODISHA,2015,10,473836
ODISHA,2015,11,591621
ODISHA,2015,12,735695
ODISHA,2016,1,822914
ODISHA,2016,2,703483
ODISHA,2016,3,926179
PUNJAB,2015,4,37129
PUNJAB,2015,5,100018
PUNJAB,2015,6,126848
PUNJAB,2015,7,97054
PUNJAB,2015,8,128832
PUNJAB,2015,9,135212
PUNJAB,2015,10,121604
PUNJAB,2015,11,121581
PUNJAB,2015,12,180706
PUNJAB,2016,1,151609
PUNJAB,2016,2,174134
PUNJAB,2016,3,212045
RAJASTHAN,2015,4,922556
RAJASTHAN,2015,5,1997137
RAJASTHAN,2015,6,2584267
RAJASTHAN,2015,7,1662133
RAJASTHAN,2015,8,646630
RAJASTHAN,2015,9,620275
RAJASTHAN,2015,10,819071
RAJASTHAN,2015,11,1080970
RAJASTHAN,2015,12,1705422
RAJASTHAN,2016,1,2061685
RAJASTHAN,2016,2,1988771
RAJASTHAN,2016,3,1522708
SIKKIM,2015,4,1615
SIKKIM,2015,5,2888
SIKKIM,2015,6,14923
SIKKIM,2015,7,14790
SIKKIM,2015,8,13028
SIKKIM,2015,9,27102
SIKKIM,2015,10,28998
SIKKIM,2015,11,31645
SIKKIM,2015,12,35869
SIKKIM,2016,1,34791
SIKKIM,2016,2,39190
SIKKIM,2016,3,37079
TAMIL NADU,2015,4,2520705
TAMIL NADU,2015,5,2817274
TAMIL NADU,2015,6,3421290
TAMIL NADU,2015,7,3931059
TAMIL NADU,2015,8,3765635
TAMIL NADU,2015,9,3605504
TAMIL NADU,2015,10,3347546
TAMIL NADU,2015,11,2208963
TAMIL NADU,2015,12,2915592
TAMIL NADU,2016,1,3459314
TAMIL NADU,2016,2,3462444
TAMIL NADU,2016,3,3145275
TELANGANA,2015,4,2165823
TELANGANA,2015,5,2164889
TELANGANA,2015,6,1491319
TELANGANA,2015,7,179975
TELANGANA,2015,8,414016
TELANGANA,2015,9,350962
TELANGANA,2015,10,435628
TELANGANA,2015,11,815354
TELANGANA,2015,12,1449058
TELANGANA,2016,1,1652956
TELANGANA,2016,2,1822619
TELANGANA,2016,3,1967168
TRIPURA,2015,4,4897
TRIPURA,2015,5,75759
TRIPURA,2015,6,391066
TRIPURA,2015,7,446821
TRIPURA,2015,8,503594
TRIPURA,2015,9,508789
TRIPURA,2015,10,367727
TRIPURA,2015,11,483718
TRIPURA,2015,12,465779
TRIPURA,2016,1,381625
TRIPURA,2016,2,219895
TRIPURA,2016,3,142049
UTTAR PRADESH,2015,4,581379
UTTAR PRADESH,2015,5,1586415
UTTAR PRADESH,2015,6,2031265
UTTAR PRADESH,2015,7,1809892
UTTAR PRADESH,2015,8,1341420
UTTAR PRADESH,2015,9,959084
UTTAR PRADESH,2015,10,589004
UTTAR PRADESH,2015,11,452162
UTTAR PRADESH,2015,12,411791
UTTAR PRADESH,2016,1,1621094
UTTAR PRADESH,2016,2,2235856
UTTAR PRADESH,2016,3,2026162
UTTARAKHAND,2015,4,32017
UTTARAKHAND,2015,5,51300
UTTARAKHAND,2015,6,76724
UTTARAKHAND,2015,7,116059
UTTARAKHAND,2015,8,130463
UTTARAKHAND,2015,9,138622
UTTARAKHAND,2015,10,122886
UTTARAKHAND,2015,11,109159
UTTARAKHAND,2015,12,165900
UTTARAKHAND,2016,1,220513
UTTARAKHAND,2016,2,279340
UTTARAKHAND,2016,3,174735
WEST BENGAL,2015,4,108468
WEST BENGAL,2015,5,274986
WEST BENGAL,2015,6,1003095
WEST BENGAL,2015,7,1290224
WEST BENGAL,2015,8,1050847
WEST BENGAL,2015,9,1533738
WEST BENGAL,2015,10,1687125
WEST BENGAL,2015,11,2172932
WEST BENGAL,2015,12,2821203
WEST BENGAL,2016,1,3245030
WEST BENGAL,2016,2,3421494
WEST BENGAL,2016,3,1955276
ANDAMAN AND NICOBAR,2015,4,2328
ANDAMAN AND NICOBAR,2015,5,1570
ANDAMAN AND NICOBAR,2015,6,765
ANDAMAN AND NICOBAR,2015,7,747
ANDAMAN AND NICOBAR,2015,8,1082
ANDAMAN AND NICOBAR,2015,9,607
ANDAMAN AND NICOBAR,2015,10,623
ANDAMAN AND NICOBAR,2015,11,1535
ANDAMAN AND NICOBAR,2015,12,1980
ANDAMAN AND NICOBAR,2016,1,3086
ANDAMAN AND NICOBAR,2016,2,4491
ANDAMAN AND NICOBAR,2016,3,3748
DN HAVELI AND DD,2015,4,0
DN HAVELI AND DD,2015,5,0
DN HAVELI AND DD,2015,6,0
DN HAVELI AND DD,2015,7,0
DN HAVELI AND DD,2015,8,0
DN HAVELI AND DD,2015,9,0
DN HAVELI AND DD,2015,10,0
DN HAVELI AND DD,2015,11,0
DN HAVELI AND DD,2015,12,0
DN HAVELI AND DD,2016,1,0
DN HAVELI AND DD,2016,2,0
DN HAVELI AND DD,2016,3,0
LAKSHADWEEP,2015,4,58
LAKSHADWEEP,2015,5,32
LAKSHADWEEP,2015,6,17
LAKSHADWEEP,2015,7,13
LAKSHADWEEP,2015,8,0
LAKSHADWEEP,2015,9,8
LAKSHADWEEP,2015,10,18
LAKSHADWEEP,2015,11,26
LAKSHADWEEP,2015,12,30
LAKSHADWEEP,2016,1,14
LAKSHADWEEP,2016,2,12
LAKSHADWEEP,2016,3,19
PUDUCHERRY,2015,4,7238
PUDUCHERRY,2015,5,17884
PUDUCHERRY,2015,6,22237
PUDUCHERRY,2015,7,19326
PUDUCHERRY,2015,8,13285
PUDUCHERRY,2015,9,689
PUDUCHERRY,2015,10,892
PUDUCHERRY,2015,11,384
PUDUCHERRY,2015,12,250
PUDUCHERRY,2016,1,597
PUDUCHERRY,2016,2,6441
PUDUCHERRY,2016,3,2341
ANDHRA PRADESH,2016,4,2787715
ANDHRA PRADESH,2016,5,3108064
ANDHRA PRADESH,2016,6,2831202
ANDHRA PRADESH,2016,7,1675808
ANDHRA PRADESH,2016,8,1101601
ANDHRA PRADESH,2016,9,787901
ANDHRA PRADESH,2016,10,718826
ANDHRA PRADESH,2016,11,865635
ANDHRA PRADESH,2016,12,789893
ANDHRA PRADESH,2017,1,1249297
ANDHRA PRADESH,2017,2,2127608
ANDHRA PRADESH,2017,3,2359272
ARUNACHAL PRADESH,2016,4,100444
ARUNACHAL PRADESH,2016,5,122797
ARUNACHAL PRADESH,2016,6,101754
ARUNACHAL PRADESH,2016,7,90824
ARUNACHAL PRADESH,2016,8,86741
ARUNACHAL PRADESH,2016,9,83548
ARUNACHAL PRADESH,2016,10,71316
ARUNACHAL PRADESH,2016,11,51810
ARUNACHAL PRADESH,2016,12,61108
ARUNACHAL PRADESH,2017,1,51531
ARUNACHAL PRADESH,2017,2,32577
ARUNACHAL PRADESH,2017,3,17066
ASSAM,2016,4,279641
ASSAM,2016,5,408684
ASSAM,2016,6,348309
ASSAM,2016,7,256700
ASSAM,2016,8,305636
ASSAM,2016,9,404886
ASSAM,2016,10,287415
ASSAM,2016,11,277297
ASSAM,2016,12,414601
ASSAM,2017,1,416589
ASSAM,2017,2,444372
ASSAM,2017,3,468908
BIHAR,2016,4,551707
BIHAR,2016,5,590220
BIHAR,2016,6,531297
BIHAR,2016,7,331713
BIHAR,2016,8,255998
BIHAR,2016,9,260449
BIHAR,2016,10,382235
BIHAR,2016,11,436998
BIHAR,2016,12,782451
BIHAR,2017,1,1032104
BIHAR,2017,2,989185
BIHAR,2017,3,741726
CHHATTISGARH,2016,4,1097429
CHHATTISGARH,2016,5,1605540
CHHATTISGARH,2016,6,1388162
CHHATTISGARH,2016,7,234405
CHHATTISGARH,2016,8,146883
CHHATTISGARH,2016,9,145315
CHHATTISGARH,2016,10,146264
CHHATTISGARH,2016,11,114922
CHHATTISGARH,2016,12,293414
CHHATTISGARH,2017,1,409594
CHHATTISGARH,2017,2,607051
CHHATTISGARH,2017,3,889556
GOA,2016,4,559
GOA,2016,5,983
GOA,2016,6,2423
GOA,2016,7,1508
GOA,2016,8,2718
GOA,2016,9,1361
GOA,2016,10,1248
GOA,2016,11,1335
GOA,2016,12,1254
GOA,2017,1,1049
GOA,2017,2,904
GOA,2017,3,861
GUJARAT,2016,4,178954
GUJARAT,2016,5,401759
GUJARAT,2016,6,385391
GUJARAT,2016,7,129542
GUJARAT,2016,8,95721
GUJARAT,2016,9,82058
GUJARAT,2016,10,100174
GUJARAT,2016,11,77244
GUJARAT,2016,12,98696
GUJARAT,2017,1,152304
GUJARAT,2017,2,196800
GUJARAT,2017,3,136039
HARYANA,2016,4,39079
HARYANA,2016,5,93979
HARYANA,2016,6,133007
HARYANA,2016,7,99820
HARYANA,2016,8,93220
HARYANA,2016,9,86922
HARYANA,2016,10,69314
HARYANA,2016,11,38512
HARYANA,2016,12,56975
HARYANA,2017,1,65033
HARYANA,2017,2,82107
HARYANA,2017,3,87719
HIMACHAL PRADESH,2016,4,88053
HIMACHAL PRADESH,2016,5,137350
HIMACHAL PRADESH,2016,6,40891
HIMACHAL PRADESH,2016,7,176978
HIMACHAL PRADESH,2016,8,175339
HIMACHAL PRADESH,2016,9,159492
HIMACHAL PRADESH,2016,10,147968
HIMACHAL PRADESH,2016,11,189826
HIMACHAL PRADESH,2016,12,212523
HIMACHAL PRADESH,2017,1,182417
HIMACHAL PRADESH,2017,2,199193
HIMACHAL PRADESH,2017,3,180665
JAMMU AND KASHMIR,2016,4,43779
JAMMU AND KASHMIR,2016,5,45899
JAMMU AND KASHMIR,2016,6,47232
JAMMU AND KASHMIR,2016,7,37368
JAMMU AND KASHMIR,2016,8,51116
JAMMU AND KASHMIR,2016,9,60597
JAMMU AND KASHMIR,2016,10,98506
JAMMU AND KASHMIR,2016,11,92919
JAMMU AND KASHMIR,2016,12,165161
JAMMU AND KASHMIR,2017,1,172513
JAMMU AND KASHMIR,2017,2,201567
JAMMU AND KASHMIR,2017,3,223497
JHARKHAND,2016,4,657093
JHARKHAND,2016,5,1068004
JHARKHAND,2016,6,1083763
JHARKHAND,2016,7,512649
JHARKHAND,2016,8,256886
JHARKHAND,2016,9,189159
JHARKHAND,2016,10,177144
JHARKHAND,2016,11,151602
JHARKHAND,2016,12,371115
JHARKHAND,2017,1,592169
JHARKHAND,2017,2,641292
JHARKHAND,2017,3,644126
KARNATAKA,2016,4,539056
KARNATAKA,2016,5,676807
KARNATAKA,2016,6,658896
KARNATAKA,2016,7,490647
KARNATAKA,2016,8,376782
KARNATAKA,2016,9,262833
KARNATAKA,2016,10,306162
KARNATAKA,2016,11,280890
KARNATAKA,2016,12,380004
KARNATAKA,2017,1,472976
KARNATAKA,2017,2,649240
KARNATAKA,2017,3,543328
KERALA,2016,4,82558
KERALA,2016,5,321722
KERALA,2016,6,587561
KERALA,2016,7,730507
KERALA,2016,8,938481
KERALA,2016,9,615978
KERALA,2016,10,708612
KERALA,2016,11,778620
KERALA,2016,12,873915
KERALA,2017,1,772258
KERALA,2017,2,816655
KERALA,2017,3,831674
LADAKH,2016,4,0
LADAKH,2016,5,0
LADAKH,2016,6,0
LADAKH,2016,7,0
LADAKH,2016,8,0
LADAKH,2016,9,0
LADAKH,2016,10,0
LADAKH,2016,11,0
LADAKH,2016,12,0
LADAKH,2017,1,0
LADAKH,2017,2,0
LADAKH,2017,3,0
MADHYA PRADESH,2016,4,721766
MADHYA PRADESH,2016,5,1009309
MADHYA PRADESH,2016,6,1165715
MADHYA PRADESH,2016,7,384785
MADHYA PRADESH,2016,8,248055
MADHYA PRADESH,2016,9,274037
MADHYA PRADESH,2016,10,273722
MADHYA PRADESH,2016,11,521611
MADHYA PRADESH,2016,12,907721
MADHYA PRADESH,2017,1,1256448
MADHYA PRADESH,2017,2,1482501
MADHYA PRADESH,2017,3,1324941
MAHARASHTRA,2016,4,773453
MAHARASHTRA,2016,5,886985
MAHARASHTRA,2016,6,717726
MAHARASHTRA,2016,7,220698
MAHARASHTRA,2016,8,147748
MAHARASHTRA,2016,9,149702
MAHARASHTRA,2016,10,144571
MAHARASHTRA,2016,11,131466
MAHARASHTRA,2016,12,196772
MAHARASHTRA,2017,1,322732
MAHARASHTRA,2017,2,332972
MAHARASHTRA,2017,3,417212
MANIPUR,2016,4,101700
MANIPUR,2016,5,99748
MANIPUR,2016,6,21223
MANIPUR,2016,7,250134
MANIPUR,2016,8,186209
MANIPUR,2016,9,157548
MANIPUR,2016,10,89964
MANIPUR,2016,11,38905
MANIPUR,2016,12,393
MANIPUR,2017,1,1733
MANIPUR,2017,2,3306
MANIPUR,2017,3,425145
MEGHALAYA,2016,4,14507
MEGHALAYA,2016,5,33100
MEGHALAYA,2016,6,72395
MEGHALAYA,2016,7,120809
MEGHALAYA,2016,8,163178
MEGHALAYA,2016,9,190133
MEGHALAYA,2016,10,184628
MEGHALAYA,2016,11,147217
MEGHALAYA,2016,12,136709
MEGHALAYA,2017,1,160578
MEGHALAYA,2017,2,179241
MEGHALAYA,2017,3,149564
MIZORAM,2016,4,180961
MIZORAM,2016,5,181491
MIZORAM,2016,6,152499
MIZORAM,2016,7,130109
MIZORAM,2016,8,131042
MIZORAM,2016,9,100914
MIZORAM,2016,10,94481
MIZORAM,2016,11,77695
MIZORAM,2016,12,48050
MIZORAM,2017,1,72344
MIZORAM,2017,2,46126
MIZORAM,2017,3,9333
NAGALAND,2016,4,399573
NAGALAND,2016,5,388182
NAGALAND,2016,6,392178
NAGALAND,2016,7,377968
NAGALAND,2016,8,369447
NAGALAND,2016,9,360896
NAGALAND,2016,10,337094
NAGALAND,2016,11,324354
NAGALAND,2016,12,321136
NAGALAND,2017,1,338262
NAGALAND,2017,2,304292
NAGALAND,2017,3,269616
ODISHA,2016,4,666391
ODISHA,2016,5,1047271
ODISHA,2016,6,843659
ODISHA,2016,7,417731
ODISHA,2016,8,414989
ODISHA,2016,9,360407
ODISHA,2016,10,122702
ODISHA,2016,11,101091
ODISHA,2016,12,278500
ODISHA,2017,1,374642
ODISHA,2017,2,384975
ODISHA,2017,3,767744
PUNJAB,2016,4,89566
PUNJAB,2016,5,238169
PUNJAB,2016,6,228346
PUNJAB,2016,7,134640
PUNJAB,2016,8,262312
PUNJAB,2016,9,216923
PUNJAB,2016,10,25084
PUNJAB,2016,11,107383
PUNJAB,2016,12,178034
PUNJAB,2017,1,92857
PUNJAB,2017,2,51540
PUNJAB,2017,3,117810
RAJASTHAN,2016,4,1983785
RAJASTHAN,2016,5,2826217
RAJASTHAN,2016,6,3064017
RAJASTHAN,2016,7,1408911
RAJASTHAN,2016,8,745095
RAJASTHAN,2016,9,629467
RAJASTHAN,2016,10,560113
RAJASTHAN,2016,11,530334
RAJASTHAN,2016,12,1189390
RAJASTHAN,2017,1,1747459
RAJASTHAN,2017,2,2008243
RAJASTHAN,2017,3,1430466
SIKKIM,2016,4,18668
SIKKIM,2016,5,19676
SIKKIM,2016,6,24390
SIKKIM,2016,7,31342
SIKKIM,2016,8,20226
SIKKIM,2016,9,19900
SIKKIM,2016,10,11562
SIKKIM,2016,11,23793
SIKKIM,2016,12,27579
SIKKIM,2017,1,32468
SIKKIM,2017,2,35265
SIKKIM,2017,3,32767
TAMIL NADU,2016,4,3446401
TAMIL NADU,2016,5,3494081
TAMIL NADU,2016,6,4629702
TAMIL NADU,2016,7,4248137
TAMIL NADU,2016,8,3954950
TAMIL NADU,2016,9,3361547
TAMIL NADU,2016,10,2162561
TAMIL NADU,2016,11,2278996
TAMIL NADU,2016,12,2393742
TAMIL NADU,2017,1,2918139
TAMIL NADU,2017,2,4066407
TAMIL NADU,2017,3,3954067
TELANGANA,2016,4,2196059
TELANGANA,2016,5,2287404
TELANGANA,2016,6,1951709
TELANGANA,2016,7,434681
TELANGANA,2016,8,209441
TELANGANA,2016,9,180922
TELANGANA,2016,10,23312
TELANGANA,2016,11,0
TELANGANA,2016,12,0
TELANGANA,2017,1,0
TELANGANA,2017,2,0
TELANGANA,2017,3,0
TRIPURA,2016,4,141292
TRIPURA,2016,5,416352
TRIPURA,2016,6,503525
TRIPURA,2016,7,453260
TRIPURA,2016,8,503983
TRIPURA,2016,9,399131
TRIPURA,2016,10,27152
TRIPURA,2016,11,9515
TRIPURA,2016,12,116941
TRIPURA,2017,1,242763
TRIPURA,2017,2,424531
TRIPURA,2017,3,370564
UTTAR PRADESH,2016,4,1040407
UTTAR PRADESH,2016,5,2617189
UTTAR PRADESH,2016,6,3151278
UTTAR PRADESH,2016,7,1807862
UTTAR PRADESH,2016,8,1066836
UTTAR PRADESH,2016,9,455032
UTTAR PRADESH,2016,10,186120
UTTAR PRADESH,2016,11,104459
UTTAR PRADESH,2016,12,368793
UTTAR PRADESH,2017,1,602011
UTTAR PRADESH,2017,2,464032
UTTAR PRADESH,2017,3,907352
UTTARAKHAND,2016,4,116347
UTTARAKHAND,2016,5,138734
UTTARAKHAND,2016,6,167619
UTTARAKHAND,2016,7,212198
UTTARAKHAND,2016,8,195058
UTTARAKHAND,2016,9,176725
UTTARAKHAND,2016,10,126158
UTTARAKHAND,2016,11,71005
UTTARAKHAND,2016,12,125905
UTTARAKHAND,2017,1,157098
UTTARAKHAND,2017,2,129830
UTTARAKHAND,2017,3,139304
WEST BENGAL,2016,4,320852
WEST BENGAL,2016,5,988031
WEST BENGAL,2016,6,2576688
WEST BENGAL,2016,7,2469261
WEST BENGAL,2016,8,1780479
WEST BENGAL,2016,9,1196238
WEST BENGAL,2016,10,753036
WEST BENGAL,2016,11,738538
WEST BENGAL,2016,12,1049524
WEST BENGAL,2017,1,1289124
WEST BENGAL,2017,2,1693647
WEST BENGAL,2017,3,2197473
ANDAMAN AND NICOBAR,2016,4,2698
ANDAMAN AND NICOBAR,2016,5,3106
ANDAMAN AND NICOBAR,2016,6,3926
ANDAMAN AND NICOBAR,2016,7,2019
ANDAMAN AND NICOBAR,2016,8,3319
ANDAMAN AND NICOBAR,2016,9,1727
ANDAMAN AND NICOBAR,2016,10,1068
ANDAMAN AND NICOBAR,2016,11,2243
ANDAMAN AND NICOBAR,2016,12,3018
ANDAMAN AND NICOBAR,2017,1,3421
ANDAMAN AND NICOBAR,2017,2,4283
ANDAMAN AND NICOBAR,2017,3,3431
DN HAVELI AND DD,2016,4,0
DN HAVELI AND DD,2016,5,0
DN HAVELI AND DD,2016,6,0
DN HAVELI AND DD,2016,7,0
DN HAVELI AND DD,2016,8,0
DN HAVELI AND DD,2016,9,0
DN HAVELI AND DD,2016,10,0
DN HAVELI AND DD,2016,11,0
DN HAVELI AND DD,2016,12,0
DN HAVELI AND DD,2017,1,0
DN HAVELI AND DD,2017,2,0
DN HAVELI AND DD,2017,3,0
LAKSHADWEEP,2016,4,3
LAKSHADWEEP,2016,5,0
LAKSHADWEEP,2016,6,0
LAKSHADWEEP,2016,7,0
LAKSHADWEEP,2016,8,0
LAKSHADWEEP,2016,9,0
LAKSHADWEEP,2016,10,5
LAKSHADWEEP,2016,11,0
LAKSHADWEEP,2016,12,0
LAKSHADWEEP,2017,1,0
LAKSHADWEEP,2017,2,0
LAKSHADWEEP,2017,3,0
PUDUCHERRY,2016,4,11
PUDUCHERRY,2016,5,0
PUDUCHERRY,2016,6,8462
PUDUCHERRY,2016,7,25578
PUDUCHERRY,2016,8,23328
PUDUCHERRY,2016,9,11310
PUDUCHERRY,2016,10,2781
PUDUCHERRY,2016,11,392
PUDUCHERRY,2016,12,175
PUDUCHERRY,2017,1,183
PUDUCHERRY,2017,2,90
PUDUCHERRY,2017,3,33
ANDHRA PRADESH,2017,4,3007948
ANDHRA PRADESH,2017,5,3543148
ANDHRA PRADESH,2017,6,3326848
ANDHRA PRADESH,2017,7,2437149
ANDHRA PRADESH,2017,8,1521571
ANDHRA PRADESH,2017,9,709747
ANDHRA PRADESH,2017,10,618624
ANDHRA PRADESH,2017,11,611364
ANDHRA PRADESH,2017,12,616280
ANDHRA PRADESH,2018,1,1246326
ANDHRA PRADESH,2018,2,2225723
ANDHRA PRADESH,2018,3,2489275
ARUNACHAL PRADESH,2017,4,64044
ARUNACHAL PRADESH,2017,5,37320
ARUNACHAL PRADESH,2017,6,23928
ARUNACHAL PRADESH,2017,7,17053
ARUNACHAL PRADESH,2017,8,10535
ARUNACHAL PRADESH,2017,9,17426
ARUNACHAL PRADESH,2017,10,13083
ARUNACHAL PRADESH,2017,11,2680
ARUNACHAL PRADESH,2017,12,31216
ARUNACHAL PRADESH,2018,1,31056
ARUNACHAL PRADESH,2018,2,70707
ARUNACHAL PRADESH,2018,3,52460
ASSAM,2017,4,320480
ASSAM,2017,5,515795
ASSAM,2017,6,421722
ASSAM,2017,7,261708
ASSAM,2017,8,279135
ASSAM,2017,9,318981
ASSAM,2017,10,402315
ASSAM,2017,11,367217
ASSAM,2017,12,572771
ASSAM,2018,1,524559
ASSAM,2018,2,415419
ASSAM,2018,3,439085
BIHAR,2017,4,764564
BIHAR,2017,5,1270837
BIHAR,2017,6,1388133
BIHAR,2017,7,525768
BIHAR,2017,8,223552
BIHAR,2017,9,165090
BIHAR,2017,10,383484
BIHAR,2017,11,450036
BIHAR,2017,12,382149
BIHAR,2018,1,435771
BIHAR,2018,2,604860
BIHAR,2018,3,574764
CHHATTISGARH,2017,4,1102964
CHHATTISGARH,2017,5,1368723
CHHATTISGARH,2017,6,1077962
CHHATTISGARH,2017,7,278650
CHHATTISGARH,2017,8,218311
CHHATTISGARH,2017,9,305623
CHHATTISGARH,2017,10,405646
CHHATTISGARH,2017,11,501052
CHHATTISGARH,2017,12,734417
CHHATTISGARH,2018,1,1004357
CHHATTISGARH,2018,2,1104910
CHHATTISGARH,2018,3,1329778
GOA,2017,4,880
GOA,2017,5,985
GOA,2017,6,2348
GOA,2017,7,3227
GOA,2017,8,2782
GOA,2017,9,1454
GOA,2017,10,698
GOA,2017,11,369
GOA,2017,12,384
GOA,2018,1,367
GOA,2018,2,765
GOA,2018,3,305
GUJARAT,2017,4,219622
GUJARAT,2017,5,439154
GUJARAT,2017,6,377363
GUJARAT,2017,7,137542
GUJARAT,2017,8,150474
GUJARAT,2017,9,142081
GUJARAT,2017,10,133066
GUJARAT,2017,11,142491
GUJARAT,2017,12,133532
GUJARAT,2018,1,243902
GUJARAT,2018,2,268664
GUJARAT,2018,3,230538
HARYANA,2017,4,39282
HARYANA,2017,5,101131
HARYANA,2017,6,132633
HARYANA,2017,7,90329
HARYANA,2017,8,87909
HARYANA,2017,9,81633
HARYANA,2017,10,56035
HARYANA,2017,11,50036
HARYANA,2017,12,75735
HARYANA,2018,1,85587
HARYANA,2018,2,75743
HARYANA,2018,3,67299
HIMACHAL PRADESH,2017,4,103440
HIMACHAL PRADESH,2017,5,175660
HIMACHAL PRADESH,2017,6,172046
HIMACHAL PRADESH,2017,7,169790
HIMACHAL PRADESH,2017,8,137586
HIMACHAL PRADESH,2017,9,158278
HIMACHAL PRADESH,2017,10,129311
HIMACHAL PRADESH,2017,11,96385
HIMACHAL PRADESH,2017,12,105916
HIMACHAL PRADESH,2018,1,140890
HIMACHAL PRADESH,2018,2,161421
HIMACHAL PRADESH,2018,3,189561
JAMMU AND KASHMIR,2017,4,41008
JAMMU AND KASHMIR,2017,5,53842
JAMMU AND KASHMIR,2017,6,63087
JAMMU AND KASHMIR,2017,7,87823
JAMMU AND KASHMIR,2017,8,89080
JAMMU AND KASHMIR,2017,9,85024
JAMMU AND KASHMIR,2017,10,145296
JAMMU AND KASHMIR,2017,11,114438
JAMMU AND KASHMIR,2017,12,105444
JAMMU AND KASHMIR,2018,1,238685
JAMMU AND KASHMIR,2018,2,282552
JAMMU AND KASHMIR,2018,3,279812
JHARKHAND,2017,4,644586
JHARKHAND,2017,5,674210
JHARKHAND,2017,6,659657
JHARKHAND,2017,7,563406
JHARKHAND,2017,8,493391
JHARKHAND,2017,9,495447
JHARKHAND,2017,10,494328
JHARKHAND,2017,11,425175
JHARKHAND,2017,12,459407
JHARKHAND,2018,1,461234
JHARKHAND,2018,2,479821
JHARKHAND,2018,3,493419
KARNATAKA,2017,4,450455
KARNATAKA,2017,5,662763
KARNATAKA,2017,6,719506
KARNATAKA,2017,7,700110
KARNATAKA,2017,8,542019
KARNATAKA,2017,9,438796
KARNATAKA,2017,10,513599
KARNATAKA,2017,11,276734
KARNATAKA,2017,12,336877
KARNATAKA,2018,1,389967
KARNATAKA,2018,2,444704
KARNATAKA,2018,3,461487
KERALA,2017,4,56673
KERALA,2017,5,213503
KERALA,2017,6,292712
KERALA,2017,7,336003
KERALA,2017,8,464741
KERALA,2017,9,440258
KERALA,2017,10,662576
KERALA,2017,11,661721
KERALA,2017,12,752009
KERALA,2018,1,854298
KERALA,2018,2,893303
KERALA,2018,3,897391
LADAKH,2017,4,0
LADAKH,2017,5,0
LADAKH,2017,6,0
LADAKH,2017,7,0
LADAKH,2017,8,0
LADAKH,2017,9,0
LADAKH,2017,10,0
LADAKH,2017,11,0
LADAKH,2017,12,0
LADAKH,2018,1,0
LADAKH,2018,2,0
LADAKH,2018,3,0
MADHYA PRADESH,2017,4,1082112
MADHYA PRADESH,2017,5,1692154
MADHYA PRADESH,2017,6,1801111
MADHYA PRADESH,2017,7,1171453
MADHYA PRADESH,2017,8,818902
MADHYA PRADESH,2017,9,977593
MADHYA PRADESH,2017,10,972926
MADHYA PRADESH,2017,11,930948
MADHYA PRADESH,2017,12,1147014
MADHYA PRADESH,2018,1,1179492
MADHYA PRADESH,2018,2,1027223
MADHYA PRADESH,2018,3,732662
MAHARASHTRA,2017,4,645842
MAHARASHTRA,2017,5,749688
MAHARASHTRA,2017,6,636169
MAHARASHTRA,2017,7,310340
MAHARASHTRA,2017,8,289302
MAHARASHTRA,2017,9,275983
MAHARASHTRA,2017,10,226558
MAHARASHTRA,2017,11,276298
MAHARASHTRA,2017,12,380261
MAHARASHTRA,2018,1,511622
MAHARASHTRA,2018,2,608108
MAHARASHTRA,2018,3,660120
MANIPUR,2017,4,24599
MANIPUR,2017,5,10943
MANIPUR,2017,6,39644
MANIPUR,2017,7,108614
MANIPUR,2017,8,113833
MANIPUR,2017,9,147239
MANIPUR,2017,10,56097
MANIPUR,2017,11,53661
MANIPUR,2017,12,236527
MANIPUR,2018,1,122188
MANIPUR,2018,2,145635
MANIPUR,2018,3,379119
MEGHALAYA,2017,4,22721
MEGHALAYA,2017,5,52873
MEGHALAYA,2017,6,94327
MEGHALAYA,2017,7,113737
MEGHALAYA,2017,8,137174
MEGHALAYA,2017,9,125576
MEGHALAYA,2017,10,153927
MEGHALAYA,2017,11,157392
MEGHALAYA,2017,12,145912
MEGHALAYA,2018,1,207912
MEGHALAYA,2018,2,155264
MEGHALAYA,2018,3,176997
MIZORAM,2017,4,183387
MIZORAM,2017,5,169629
MIZORAM,2017,6,183339
MIZORAM,2017,7,183709
MIZORAM,2017,8,183903
MIZORAM,2017,9,156257
MIZORAM,2017,10,107797
MIZORAM,2017,11,10394
MIZORAM,2017,12,73714
MIZORAM,2018,1,110399
MIZORAM,2018,2,85635
MIZORAM,2018,3,184839
NAGALAND,2017,4,366895
NAGALAND,2017,5,367006
NAGALAND,2017,6,307574
NAGALAND,2017,7,92047
NAGALAND,2017,8,22627
NAGALAND,2017,9,8328
NAGALAND,2017,10,4121
NAGALAND,2017,11,3300
NAGALAND,2017,12,59506
NAGALAND,2018,1,284684
NAGALAND,2018,2,358241
NAGALAND,2018,3,348034
ODISHA,2017,4,514981
ODISHA,2017,5,674061
ODISHA,2017,6,638377
ODISHA,2017,7,604863
ODISHA,2017,8,572131
ODISHA,2017,9,370697
ODISHA,2017,10,219566
ODISHA,2017,11,509079
ODISHA,2017,12,521465
ODISHA,2018,1,574655
ODISHA,2018,2,730547
ODISHA,2018,3,866812
PUNJAB,2017,4,91473
PUNJAB,2017,5,314907
PUNJAB,2017,6,283047
PUNJAB,2017,7,180907
PUNJAB,2017,8,243176
PUNJAB,2017,9,282135
PUNJAB,2017,10,196095
PUNJAB,2017,11,221357
PUNJAB,2017,12,224071
PUNJAB,2018,1,201974
PUNJAB,2018,2,192481
PUNJAB,2018,3,172432
RAJASTHAN,2017,4,1795271
RAJASTHAN,2017,5,2723955
RAJASTHAN,2017,6,2690520
RAJASTHAN,2017,7,1287093
RAJASTHAN,2017,8,691057
RAJASTHAN,2017,9,758324
RAJASTHAN,2017,10,688509
RAJASTHAN,2017,11,934460
RAJASTHAN,2017,12,1366325
RAJASTHAN,2018,1,1724320
RAJASTHAN,2018,2,1683282
RAJASTHAN,2018,3,1136214
SIKKIM,2017,4,14143
SIKKIM,2017,5,10089
SIKKIM,2017,6,13193
SIKKIM,2017,7,27296
SIKKIM,2017,8,30330
SIKKIM,2017,9,18784
SIKKIM,2017,10,9638
SIKKIM,2017,11,8273
SIKKIM,2017,12,8000
SIKKIM,2018,1,14448
SIKKIM,2018,2,37437
SIKKIM,2018,3,37448
TAMIL NADU,2017,4,2142038
TAMIL NADU,2017,5,3043458
TAMIL NADU,2017,6,3769998
TAMIL NADU,2017,7,3469600
TAMIL NADU,2017,8,2955932
TAMIL NADU,2017,9,2100668
TAMIL NADU,2017,10,2448163
TAMIL NADU,2017,11,1540830
TAMIL NADU,2017,12,1062848
TAMIL NADU,2018,1,799962
TAMIL NADU,2018,2,1160228
TAMIL NADU,2018,3,1445961
TELANGANA,2017,4,2187292
TELANGANA,2017,5,2628598
TELANGANA,2017,6,2255071
TELANGANA,2017,7,469223
TELANGANA,2017,8,120514
TELANGANA,2017,9,73235
TELANGANA,2017,10,61662
TELANGANA,2017,11,56039
TELANGANA,2017,12,59707
TELANGANA,2018,1,209285
TELANGANA,2018,2,661824
TELANGANA,2018,3,1292605
TRIPURA,2017,4,3883
TRIPURA,2017,5,87480
TRIPURA,2017,6,248139
TRIPURA,2017,7,304110
TRIPURA,2017,8,379232
TRIPURA,2017,9,158672
TRIPURA,2017,10,68588
TRIPURA,2017,11,114656
TRIPURA,2017,12,210919
TRIPURA,2018,1,226852
TRIPURA,2018,2,35638
TRIPURA,2018,3,46757
UTTAR PRADESH,2017,4,592419
UTTAR PRADESH,2017,5,1793362
UTTAR PRADESH,2017,6,2240189
UTTAR PRADESH,2017,7,1417259
UTTAR PRADESH,2017,8,936622
UTTAR PRADESH,2017,9,708738
UTTAR PRADESH,2017,10,882957
UTTAR PRADESH,2017,11,983252
UTTAR PRADESH,2017,12,1286718
UTTAR PRADESH,2018,1,1526348
UTTAR PRADESH,2018,2,1488127
UTTAR PRADESH,2018,3,1528235
UTTARAKHAND,2017,4,116298
UTTARAKHAND,2017,5,137597
UTTARAKHAND,2017,6,140178
UTTARAKHAND,2017,7,145035
UTTARAKHAND,2017,8,136629
UTTARAKHAND,2017,9,123803
UTTARAKHAND,2017,10,100450
UTTARAKHAND,2017,11,105519
UTTARAKHAND,2017,12,133172
UTTARAKHAND,2018,1,165724
UTTARAKHAND,2018,2,183383
UTTARAKHAND,2018,3,160393
WEST BENGAL,2017,4,1144507
WEST BENGAL,2017,5,2159033
WEST BENGAL,2017,6,2623153
WEST BENGAL,2017,7,1798144
WEST BENGAL,2017,8,1021160
WEST BENGAL,2017,9,1102463
WEST BENGAL,2017,10,1541080
WEST BENGAL,2017,11,1628931
WEST BENGAL,2017,12,2101941
WEST BENGAL,2018,1,2084370
WEST BENGAL,2018,2,2015993
WEST BENGAL,2018,3,711967
ANDAMAN AND NICOBAR,2017,4,2089
ANDAMAN AND NICOBAR,2017,5,2592
ANDAMAN AND NICOBAR,2017,6,1620
ANDAMAN AND NICOBAR,2017,7,1714
ANDAMAN AND NICOBAR,2017,8,981
ANDAMAN AND NICOBAR,2017,9,550
ANDAMAN AND NICOBAR,2017,10,623
ANDAMAN AND NICOBAR,2017,11,200
ANDAMAN AND NICOBAR,2017,12,349
ANDAMAN AND NICOBAR,2018,1,1207
ANDAMAN AND NICOBAR,2018,2,3063
ANDAMAN AND NICOBAR,2018,3,2705
DN HAVELI AND DD,2017,4,0
DN HAVELI AND DD,2017,5,0
DN HAVELI AND DD,2017,6,0
DN HAVELI AND DD,2017,7,0
DN HAVELI AND DD,2017,8,0
DN HAVELI AND DD,2017,9,0
DN HAVELI AND DD,2017,10,0
DN HAVELI AND DD,2017,11,0
DN HAVELI AND DD,2017,12,0
DN HAVELI AND DD,2018,1,0
DN HAVELI AND DD,2018,2,0
DN HAVELI AND DD,2018,3,0
LAKSHADWEEP,2017,4,0
LAKSHADWEEP,2017,5,0
LAKSHADWEEP,2017,6,0
LAKSHADWEEP,2017,7,0
LAKSHADWEEP,2017,8,52
LAKSHADWEEP,2017,9,84
LAKSHADWEEP,2017,10,47
LAKSHADWEEP,2017,11,99
LAKSHADWEEP,2017,12,47
LAKSHADWEEP,2018,1,67
LAKSHADWEEP,2018,2,67
LAKSHADWEEP,2018,3,86
PUDUCHERRY,2017,4,4040
PUDUCHERRY,2017,5,23023
PUDUCHERRY,2017,6,24072
PUDUCHERRY,2017,7,21542
PUDUCHERRY,2017,8,6703
PUDUCHERRY,2017,9,78
PUDUCHERRY,2017,10,231
PUDUCHERRY,2017,11,148
PUDUCHERRY,2017,12,829
PUDUCHERRY,2018,1,2338
PUDUCHERRY,2018,2,8521
PUDUCHERRY,2018,3,14233
ANDHRA PRADESH,2018,4,3249591
ANDHRA PRADESH,2018,5,3624279
ANDHRA PRADESH,2018,6,3454068
ANDHRA PRADESH,2018,7,2611524
ANDHRA PRADESH,2018,8,1664903
ANDHRA PRADESH,2018,9,1353802
ANDHRA PRADESH,2018,10,1315609
ANDHRA PRADESH,2018,11,1447614
ANDHRA PRADESH,2018,12,1726157
ANDHRA PRADESH,2019,1,1804435
ANDHRA PRADESH,2019,2,2420501
ANDHRA PRADESH,2019,3,2649850
ARUNACHAL PRADESH,2018,4,21188
ARUNACHAL PRADESH,2018,5,21878
ARUNACHAL PRADESH,2018,6,30467
ARUNACHAL PRADESH,2018,7,21667
ARUNACHAL PRADESH,2018,8,25064
ARUNACHAL PRADESH,2018,9,29642
ARUNACHAL PRADESH,2018,10,44013
ARUNACHAL PRADESH,2018,11,35392
ARUNACHAL PRADESH,2018,12,57957
ARUNACHAL PRADESH,2019,1,78451
ARUNACHAL PRADESH,2019,2,67945
ARUNACHAL PRADESH,2019,3,34759
ASSAM,2018,4,282692
ASSAM,2018,5,412563
ASSAM,2018,6,419305
ASSAM,2018,7,298004
ASSAM,2018,8,362281
ASSAM,2018,9,366679
ASSAM,2018,10,295780
ASSAM,2018,11,287372
ASSAM,2018,12,321295
ASSAM,2019,1,523612
ASSAM,2019,2,704284
ASSAM,2019,3,941055
BIHAR,2018,4,885193
BIHAR,2018,5,1357379
BIHAR,2018,6,1483424
BIHAR,2018,7,626840
BIHAR,2018,8,373469
BIHAR,2018,9,346650
BIHAR,2018,10,496342
BIHAR,2018,11,700690
BIHAR,2018,12,943867
BIHAR,2019,1,1023914
BIHAR,2019,2,1002105
BIHAR,2019,3,819290
CHHATTISGARH,2018,4,1369169
CHHATTISGARH,2018,5,1605436
CHHATTISGARH,2018,6,1252200
CHHATTISGARH,2018,7,270493
CHHATTISGARH,2018,8,264456
CHHATTISGARH,2018,9,272272
CHHATTISGARH,2018,10,401619
CHHATTISGARH,2018,11,382564
CHHATTISGARH,2018,12,809288
CHHATTISGARH,2019,1,1231104
CHHATTISGARH,2019,2,1187706
CHHATTISGARH,2019,3,1061618
GOA,2018,4,108
GOA,2018,5,152
GOA,2018,6,200
GOA,2018,7,94
GOA,2018,8,110
GOA,2018,9,249
GOA,2018,10,198
GOA,2018,11,184
GOA,2018,12,188
GOA,2019,1,369
GOA,2019,2,245
GOA,2019,3,193
GUJARAT,2018,4,211945
GUJARAT,2018,5,462930
GUJARAT,2018,6,428313
GUJARAT,2018,7,163526
GUJARAT,2018,8,119492
GUJARAT,2018,9,105500
GUJARAT,2018,10,137326
GUJARAT,2018,11,124294
GUJARAT,2018,12,293405
GUJARAT,2019,1,324297
GUJARAT,2019,2,329855
GUJARAT,2019,3,209321
HARYANA,2018,4,32417
HARYANA,2018,5,75832
HARYANA,2018,6,72734
HARYANA,2018,7,47517
HARYANA,2018,8,52423
HARYANA,2018,9,55727
HARYANA,2018,10,45780
HARYANA,2018,11,53546
HARYANA,2018,12,98438
HARYANA,2019,1,93053
HARYANA,2019,2,84683
HARYANA,2019,3,67316
HIMACHAL PRADESH,2018,4,168144
HIMACHAL PRADESH,2018,5,211126
HIMACHAL PRADESH,2018,6,221212
HIMACHAL PRADESH,2018,7,185540
HIMACHAL PRADESH,2018,8,137915
HIMACHAL PRADESH,2018,9,148585
HIMACHAL PRADESH,2018,10,148905
HIMACHAL PRADESH,2018,11,209589
HIMACHAL PRADESH,2018,12,221145
HIMACHAL PRADESH,2019,1,191521
HIMACHAL PRADESH,2019,2,159127
HIMACHAL PRADESH,2019,3,172809
JAMMU AND KASHMIR,2018,4,60991
JAMMU AND KASHMIR,2018,5,70212
JAMMU AND KASHMIR,2018,6,60043
JAMMU AND KASHMIR,2018,7,62185
JAMMU AND KASHMIR,2018,8,110821
JAMMU AND KASHMIR,2018,9,123598
JAMMU AND KASHMIR,2018,10,162235
JAMMU AND KASHMIR,2018,11,109646
JAMMU AND KASHMIR,2018,12,158459
JAMMU AND KASHMIR,2019,1,146238
JAMMU AND KASHMIR,2019,2,128957
JAMMU AND KASHMIR,2019,3,255449
JHARKHAND,2018,4,498645
JHARKHAND,2018,5,583030
JHARKHAND,2018,6,616225
JHARKHAND,2018,7,551088
JHARKHAND,2018,8,411676
JHARKHAND,2018,9,371446
JHARKHAND,2018,10,427667
JHARKHAND,2018,11,232738
JHARKHAND,2018,12,153703
JHARKHAND,2019,1,306347
JHARKHAND,2019,2,469312
JHARKHAND,2019,3,522508
KARNATAKA,2018,4,318718
KARNATAKA,2018,5,373524
KARNATAKA,2018,6,452589
KARNATAKA,2018,7,516495
KARNATAKA,2018,8,536453
KARNATAKA,2018,9,531328
KARNATAKA,2018,10,664013
KARNATAKA,2018,11,699896
KARNATAKA,2018,12,898522
KARNATAKA,2019,1,863002
KARNATAKA,2019,2,776923
KARNATAKA,2019,3,597785
KERALA,2018,4,214249
KERALA,2018,5,425608
KERALA,2018,6,604585
KERALA,2018,7,837460
KERALA,2018,8,639763
KERALA,2018,9,886447
KERALA,2018,10,1006178
KERALA,2018,11,1010147
KERALA,2018,12,972740
KERALA,2019,1,1019878
KERALA,2019,2,971070
KERALA,2019,3,884575
LADAKH,2018,4,0
LADAKH,2018,5,0
LADAKH,2018,6,0
LADAKH,2018,7,0
LADAKH,2018,8,0
LADAKH,2018,9,0
LADAKH,2018,10,0
LADAKH,2018,11,0
LADAKH,2018,12,0
LADAKH,2019,1,0
LADAKH,2019,2,0
LADAKH,2019,3,0
MADHYA PRADESH,2018,4,939961
MADHYA PRADESH,2018,5,1188196
MADHYA PRADESH,2018,6,1746414
MADHYA PRADESH,2018,7,1437418
MADHYA PRADESH,2018,8,1083405
MADHYA PRADESH,2018,9,1106267
MADHYA PRADESH,2018,10,1550041
MADHYA PRADESH,2018,11,1178717
MADHYA PRADESH,2018,12,1508879
MADHYA PRADESH,2019,1,1637834
MADHYA PRADESH,2019,2,1384790
MADHYA PRADESH,2019,3,1080230
MAHARASHTRA,2018,4,763432
MAHARASHTRA,2018,5,860719
MAHARASHTRA,2018,6,663884
MAHARASHTRA,2018,7,362665
MAHARASHTRA,2018,8,285706
MAHARASHTRA,2018,9,265694
MAHARASHTRA,2018,10,298013
MAHARASHTRA,2018,11,284691
MAHARASHTRA,2018,12,388111
MAHARASHTRA,2019,1,485831
MAHARASHTRA,2019,2,602456
MAHARASHTRA,2019,3,577979
MANIPUR,2018,4,10335
MANIPUR,2018,5,2208
MANIPUR,2018,6,645
MANIPUR,2018,7,183285
MANIPUR,2018,8,230957
MANIPUR,2018,9,51900
MANIPUR,2018,10,229865
MANIPUR,2018,11,231112
MANIPUR,2018,12,34049
MANIPUR,2019,1,115994
MANIPUR,2019,2,307184
MANIPUR,2019,3,381398
MEGHALAYA,2018,4,41351
MEGHALAYA,2018,5,50533
MEGHALAYA,2018,6,75533
MEGHALAYA,2018,7,112491
MEGHALAYA,2018,8,123935
MEGHALAYA,2018,9,137297
MEGHALAYA,2018,10,181126
MEGHALAYA,2018,11,194644
MEGHALAYA,2018,12,152516
MEGHALAYA,2019,1,239138
MEGHALAYA,2019,2,245043
MEGHALAYA,2019,3,194501
MIZORAM,2018,4,185649
MIZORAM,2018,5,186041
MIZORAM,2018,6,186260
MIZORAM,2018,7,175004
MIZORAM,2018,8,122731
MIZORAM,2018,9,170173
MIZORAM,2018,10,179768
MIZORAM,2018,11,163625
MIZORAM,2018,12,186543
MIZORAM,2019,1,173769
MIZORAM,2019,2,169667
MIZORAM,2019,3,147956
NAGALAND,2018,4,306814
NAGALAND,2018,5,153147
NAGALAND,2018,6,93905
NAGALAND,2018,7,123405
NAGALAND,2018,8,96710
NAGALAND,2018,9,59607
NAGALAND,2018,10,202281
NAGALAND,2018,11,235318
NAGALAND,2018,12,174789
NAGALAND,2019,1,234114
NAGALAND,2019,2,247643
NAGALAND,2019,3,187790
ODISHA,2018,4,641599
ODISHA,2018,5,814050
ODISHA,2018,6,754492
ODISHA,2018,7,489742
ODISHA,2018,8,463563
ODISHA,2018,9,397383
ODISHA,2018,10,435905
ODISHA,2018,11,350532
ODISHA,2018,12,223803
ODISHA,2019,1,279237
ODISHA,2019,2,380929
ODISHA,2019,3,652352
PUNJAB,2018,4,106525
PUNJAB,2018,5,228077
PUNJAB,2018,6,227851
PUNJAB,2018,7,153541
PUNJAB,2018,8,169723
PUNJAB,2018,9,165438
PUNJAB,2018,10,219925
PUNJAB,2018,11,281637
PUNJAB,2018,12,267902
PUNJAB,2019,1,237507
PUNJAB,2019,2,286239
PUNJAB,2019,3,275826
RAJASTHAN,2018,4,1624281
RAJASTHAN,2018,5,1540606
RAJASTHAN,2018,6,2407408
RAJASTHAN,2018,7,1837110
RAJASTHAN,2018,8,1286511
RAJASTHAN,2018,9,1042296
RAJASTHAN,2018,10,1021791
RAJASTHAN,2018,11,1274677
RAJASTHAN,2018,12,1653979
RAJASTHAN,2019,1,2843897
RAJASTHAN,2019,2,3065712
RAJASTHAN,2019,3,2717074
SIKKIM,2018,4,20676
SIKKIM,2018,5,16586
SIKKIM,2018,6,16555
SIKKIM,2018,7,25526
SIKKIM,2018,8,27411
SIKKIM,2018,9,19597
SIKKIM,2018,10,12237
SIKKIM,2018,11,14807
SIKKIM,2018,12,18917
SIKKIM,2019,1,26445
SIKKIM,2019,2,21661
SIKKIM,2019,3,21360
TAMIL NADU,2018,4,677364
TAMIL NADU,2018,5,660692
TAMIL NADU,2018,6,1165290
TAMIL NADU,2018,7,2071754
TAMIL NADU,2018,8,3374348
TAMIL NADU,2018,9,3320040
TAMIL NADU,2018,10,3069880
TAMIL NADU,2018,11,3287084
TAMIL NADU,2018,12,3528984
TAMIL NADU,2019,1,3434620
TAMIL NADU,2019,2,3400953
TAMIL NADU,2019,3,2933114
TELANGANA,2018,4,2193681
TELANGANA,2018,5,2469323
TELANGANA,2018,6,1883209
TELANGANA,2018,7,492845
TELANGANA,2018,8,114783
TELANGANA,2018,9,64886
TELANGANA,2018,10,59809
TELANGANA,2018,11,65783
TELANGANA,2018,12,155687
TELANGANA,2019,1,163625
TELANGANA,2019,2,514490
TELANGANA,2019,3,1184301
TRIPURA,2018,4,39393
TRIPURA,2018,5,182622
TRIPURA,2018,6,266626
TRIPURA,2018,7,253340
TRIPURA,2018,8,270899
TRIPURA,2018,9,400285
TRIPURA,2018,10,124789
TRIPURA,2018,11,280425
TRIPURA,2018,12,328714
TRIPURA,2019,1,234189
TRIPURA,2019,2,211196
TRIPURA,2019,3,107438
UTTAR PRADESH,2018,4,1009067
UTTAR PRADESH,2018,5,2020269
UTTAR PRADESH,2018,6,2279315
UTTAR PRADESH,2018,7,1669402
UTTAR PRADESH,2018,8,993132
UTTAR PRADESH,2018,9,721080
UTTAR PRADESH,2018,10,1199049
UTTAR PRADESH,2018,11,1355307
UTTAR PRADESH,2018,12,1738457
UTTAR PRADESH,2019,1,1763803
UTTAR PRADESH,2019,2,1280102
UTTAR PRADESH,2019,3,1131118
UTTARAKHAND,2018,4,144247
UTTARAKHAND,2018,5,149322
UTTARAKHAND,2018,6,139377
UTTARAKHAND,2018,7,125610
UTTARAKHAND,2018,8,114807
UTTARAKHAND,2018,9,106034
UTTARAKHAND,2018,10,119702
UTTARAKHAND,2018,11,113099
UTTARAKHAND,2018,12,147186
UTTARAKHAND,2019,1,170023
UTTARAKHAND,2019,2,159933
UTTARAKHAND,2019,3,145982
WEST BENGAL,2018,4,797624
WEST BENGAL,2018,5,1002249
WEST BENGAL,2018,6,2018368
WEST BENGAL,2018,7,1870366
WEST BENGAL,2018,8,1485463
WEST BENGAL,2018,9,1676079
WEST BENGAL,2018,10,1876092
WEST BENGAL,2018,11,2229345
WEST BENGAL,2018,12,2301831
WEST BENGAL,2019,1,1603711
WEST BENGAL,2019,2,641485
WEST BENGAL,2019,3,303331
ANDAMAN AND NICOBAR,2018,4,1298
ANDAMAN AND NICOBAR,2018,5,1629
ANDAMAN AND NICOBAR,2018,6,1079
ANDAMAN AND NICOBAR,2018,7,1401
ANDAMAN AND NICOBAR,2018,8,1474
ANDAMAN AND NICOBAR,2018,9,1165
ANDAMAN AND NICOBAR,2018,10,1179
ANDAMAN AND NICOBAR,2018,11,1502
ANDAMAN AND NICOBAR,2018,12,1970
ANDAMAN AND NICOBAR,2019,1,2997
ANDAMAN AND NICOBAR,2019,2,3104
ANDAMAN AND NICOBAR,2019,3,2230
DN HAVELI AND DD,2018,4,0
DN HAVELI AND DD,2018,5,0
DN HAVELI AND DD,2018,6,0
DN HAVELI AND DD,2018,7,0
DN HAVELI AND DD,2018,8,0
DN HAVELI AND DD,2018,9,0
DN HAVELI AND DD,2018,10,0
DN HAVELI AND DD,2018,11,0
DN HAVELI AND DD,2018,12,0
DN HAVELI AND DD,2019,1,0
DN HAVELI AND DD,2019,2,0
DN HAVELI AND DD,2019,3,0
LAKSHADWEEP,2018,4,80
LAKSHADWEEP,2018,5,83
LAKSHADWEEP,2018,6,35
LAKSHADWEEP,2018,7,62
LAKSHADWEEP,2018,8,43
LAKSHADWEEP,2018,9,32
LAKSHADWEEP,2018,10,70
LAKSHADWEEP,2018,11,83
LAKSHADWEEP,2018,12,42
LAKSHADWEEP,2019,1,83
LAKSHADWEEP,2019,2,53
LAKSHADWEEP,2019,3,44
PUDUCHERRY,2018,4,2187
PUDUCHERRY,2018,5,3399
PUDUCHERRY,2018,6,14504
PUDUCHERRY,2018,7,22524
PUDUCHERRY,2018,8,16433
PUDUCHERRY,2018,9,6360
PUDUCHERRY,2018,10,7742
PUDUCHERRY,2018,11,1422
PUDUCHERRY,2018,12,2122
PUDUCHERRY,2019,1,2297
PUDUCHERRY,2019,2,8374
PUDUCHERRY,2019,3,9358
ANDHRA PRADESH,2019,4,3422524
ANDHRA PRADESH,2019,5,3763240
ANDHRA PRADESH,2019,6,3442049
ANDHRA PRADESH,2019,7,2788995
ANDHRA PRADESH,2019,8,1526650
ANDHRA PRADESH,2019,9,1311771
ANDHRA PRADESH,2019,10,1052394
ANDHRA PRADESH,2019,11,1294240
ANDHRA PRADESH,2019,12,1574010
ANDHRA PRADESH,2020,1,1871163
ANDHRA PRADESH,2020,2,2520955
ANDHRA PRADESH,2020,3,2673667
ARUNACHAL PRADESH,2019,4,5465
ARUNACHAL PRADESH,2019,5,13059
ARUNACHAL PRADESH,2019,6,43020
ARUNACHAL PRADESH,2019,7,51362
ARUNACHAL PRADESH,2019,8,42408
ARUNACHAL PRADESH,2019,9,36152
ARUNACHAL PRADESH,2019,10,42788
ARUNACHAL PRADESH,2019,11,56301
ARUNACHAL PRADESH,2019,12,69775
ARUNACHAL PRADESH,2020,1,69640
ARUNACHAL PRADESH,2020,2,71341
ARUNACHAL PRADESH,2020,3,33279
ASSAM,2019,4,588984
ASSAM,2019,5,804656
ASSAM,2019,6,687815
ASSAM,2019,7,405809
ASSAM,2019,8,310946
ASSAM,2019,9,280462
ASSAM,2019,10,145860
ASSAM,2019,11,386463
ASSAM,2019,12,404726
ASSAM,2020,1,555917
ASSAM,2020,2,729995
ASSAM,2020,3,767990
BIHAR,2019,4,1144390
BIHAR,2019,5,1252400
BIHAR,2019,6,1342057
BIHAR,2019,7,740406
BIHAR,2019,8,487305
BIHAR,2019,9,451254
BIHAR,2019,10,488289
BIHAR,2019,11,708488
BIHAR,2019,12,796982
BIHAR,2020,1,1116644
BIHAR,2020,2,1341662
BIHAR,2020,3,1138485
CHHATTISGARH,2019,4,1368599
CHHATTISGARH,2019,5,1474913
CHHATTISGARH,2019,6,1307244
CHHATTISGARH,2019,7,307140
CHHATTISGARH,2019,8,161542
CHHATTISGARH,2019,9,158745
CHHATTISGARH,2019,10,215123
CHHATTISGARH,2019,11,435055
CHHATTISGARH,2019,12,1084799
CHHATTISGARH,2020,1,1313193
CHHATTISGARH,2020,2,1351583
CHHATTISGARH,2020,3,1327575
GOA,2019,4,27
GOA,2019,5,49
GOA,2019,6,112
GOA,2019,7,17
GOA,2019,8,35
GOA,2019,9,20
GOA,2019,10,21
GOA,2019,11,93
GOA,2019,12,820
GOA,2020,1,885
GOA,2020,2,899
GOA,2020,3,490
GUJARAT,2019,4,271646
GUJARAT,2019,5,413533
GUJARAT,2019,6,349581
GUJARAT,2019,7,145949
GUJARAT,2019,8,80464
GUJARAT,2019,9,80828
GUJARAT,2019,10,67868
GUJARAT,2019,11,112912
GUJARAT,2019,12,201221
GUJARAT,2020,1,257820
GUJARAT,2020,2,279030
GUJARAT,2020,3,191390
HARYANA,2019,4,22317
HARYANA,2019,5,31294
HARYANA,2019,6,98738
HARYANA,2019,7,93918
HARYANA,2019,8,91630
HARYANA,2019,9,84119
HARYANA,2019,10,35024
HARYANA,2019,11,71107
HARYANA,2019,12,95922
HARYANA,2020,1,106378
HARYANA,2020,2,112617
HARYANA,2020,3,89301
HIMACHAL PRADESH,2019,4,171417
HIMACHAL PRADESH,2019,5,166120
HIMACHAL PRADESH,2019,6,192979
HIMACHAL PRADESH,2019,7,164130
HIMACHAL PRADESH,2019,8,140495
HIMACHAL PRADESH,2019,9,167565
HIMACHAL PRADESH,2019,10,144962
HIMACHAL PRADESH,2019,11,160187
HIMACHAL PRADESH,2019,12,170154
HIMACHAL PRADESH,2020,1,165849
HIMACHAL PRADESH,2020,2,203855
HIMACHAL PRADESH,2020,3,204954
JAMMU AND KASHMIR,2019,4,77793
JAMMU AND KASHMIR,2019,5,58887
JAMMU AND KASHMIR,2019,6,33564
JAMMU AND KASHMIR,2019,7,48876
JAMMU AND KASHMIR,2019,8,25723
JAMMU AND KASHMIR,2019,9,39745
JAMMU AND KASHMIR,2019,10,63038
JAMMU AND KASHMIR,2019,11,104631
JAMMU AND KASHMIR,2019,12,148038
JAMMU AND KASHMIR,2020,1,186423
JAMMU AND KASHMIR,2020,2,282872
JAMMU AND KASHMIR,2020,3,280379
JHARKHAND,2019,4,593646
JHARKHAND,2019,5,553986
JHARKHAND,2019,6,546742
JHARKHAND,2019,7,509818
JHARKHAND,2019,8,500308
JHARKHAND,2019,9,464568
JHARKHAND,2019,10,327847
JHARKHAND,2019,11,416478
JHARKHAND,2019,12,393102
JHARKHAND,2020,1,432658
JHARKHAND,2020,2,451829
JHARKHAND,2020,3,387226
KARNATAKA,2019,4,746225
KARNATAKA,2019,5,945591
KARNATAKA,2019,6,941826
KARNATAKA,2019,7,935073
KARNATAKA,2019,8,645566
KARNATAKA,2019,9,547498
KARNATAKA,2019,10,459730
KARNATAKA,2019,11,466244
KARNATAKA,2019,12,491644
KARNATAKA,2020,1,549085
KARNATAKA,2020,2,628457
KARNATAKA,2020,3,641984
KERALA,2019,4,286883
KERALA,2019,5,569042
KERALA,2019,6,658287
KERALA,2019,7,782620
KERALA,2019,8,816950
KERALA,2019,9,692392
KERALA,2019,10,830515
KERALA,2019,11,822741
KERALA,2019,12,807845
KERALA,2020,1,844521
KERALA,2020,2,826012
KERALA,2020,3,734830
LADAKH,2019,4,533
LADAKH,2019,5,174
LADAKH,2019,6,230
LADAKH,2019,7,5235
LADAKH,2019,8,9794
LADAKH,2019,9,12101
LADAKH,2019,10,10358
LADAKH,2019,11,10399
LADAKH,2019,12,6039
LADAKH,2020,1,8248
LADAKH,2020,2,4860
LADAKH,2020,3,4367
MADHYA PRADESH,2019,4,1336751
MADHYA PRADESH,2019,5,1525163
MADHYA PRADESH,2019,6,1549018
MADHYA PRADESH,2019,7,1045149
MADHYA PRADESH,2019,8,764237
MADHYA PRADESH,2019,9,825181
MADHYA PRADESH,2019,10,934615
MADHYA PRADESH,2019,11,1117945
MADHYA PRADESH,2019,12,1301746
MADHYA PRADESH,2020,1,1339757
MADHYA PRADESH,2020,2,1295971
MADHYA PRADESH,2020,3,961903
MAHARASHTRA,2019,4,501311
MAHARASHTRA,2019,5,651336
MAHARASHTRA,2019,6,625075
MAHARASHTRA,2019,7,306007
MAHARASHTRA,2019,8,232599
MAHARASHTRA,2019,9,227079
MAHARASHTRA,2019,10,197697
MAHARASHTRA,2019,11,270243
MAHARASHTRA,2019,12,334049
MAHARASHTRA,2020,1,408472
MAHARASHTRA,2020,2,440510
MAHARASHTRA,2020,3,405048
MANIPUR,2019,4,24149
MANIPUR,2019,5,8320
MANIPUR,2019,6,100916
MANIPUR,2019,7,82687
MANIPUR,2019,8,270952
MANIPUR,2019,9,452604
MANIPUR,2019,10,270599
MANIPUR,2019,11,91159
MANIPUR,2019,12,23902
MANIPUR,2020,1,31038
MANIPUR,2020,2,200905
MANIPUR,2020,3,425650
MEGHALAYA,2019,4,34903
MEGHALAYA,2019,5,45915
MEGHALAYA,2019,6,64050
MEGHALAYA,2019,7,118373
MEGHALAYA,2019,8,156743
MEGHALAYA,2019,9,186301
MEGHALAYA,2019,10,198991
MEGHALAYA,2019,11,222653
MEGHALAYA,2019,12,147083
MEGHALAYA,2020,1,263970
MEGHALAYA,2020,2,271680
MEGHALAYA,2020,3,213852
MIZORAM,2019,4,178938
MIZORAM,2019,5,185115
MIZORAM,2019,6,191757
MIZORAM,2019,7,174436
MIZORAM,2019,8,194120
MIZORAM,2019,9,194717
MIZORAM,2019,10,195310
MIZORAM,2019,11,195838
MIZORAM,2019,12,169265
MIZORAM,2020,1,194956
MIZORAM,2020,2,170184
MIZORAM,2020,3,174523
NAGALAND,2019,4,27837
NAGALAND,2019,5,82651
NAGALAND,2019,6,126845
NAGALAND,2019,7,36910
NAGALAND,2019,8,46152
NAGALAND,2019,9,244742
NAGALAND,2019,10,241865
NAGALAND,2019,11,192941
NAGALAND,2019,12,107486
NAGALAND,2020,1,159137
NAGALAND,2020,2,222674
NAGALAND,2020,3,167343
ODISHA,2019,4,449816
ODISHA,2019,5,594545
ODISHA,2019,6,515248
ODISHA,2019,7,385885
ODISHA,2019,8,365157
ODISHA,2019,9,521389
ODISHA,2019,10,632589
ODISHA,2019,11,616776
ODISHA,2019,12,648314
ODISHA,2020,1,698197
ODISHA,2020,2,791003
ODISHA,2020,3,787279
PUNJAB,2019,4,195670
PUNJAB,2019,5,278166
PUNJAB,2019,6,321733
PUNJAB,2019,7,314990
PUNJAB,2019,8,292533
PUNJAB,2019,9,146206
PUNJAB,2019,10,276216
PUNJAB,2019,11,284284
PUNJAB,2019,12,254416
PUNJAB,2020,1,214600
PUNJAB,2020,2,254710
PUNJAB,2020,3,234448
RAJASTHAN,2019,4,2925839
RAJASTHAN,2019,5,3331016
RAJASTHAN,2019,6,3403504
RAJASTHAN,2019,7,2089848
RAJASTHAN,2019,8,1241068
RAJASTHAN,2019,9,1070542
RAJASTHAN,2019,10,1028259
RAJASTHAN,2019,11,1399347
RAJASTHAN,2019,12,1643898
RAJASTHAN,2020,1,1692461
RAJASTHAN,2020,2,2238240
RAJASTHAN,2020,3,1806479
SIKKIM,2019,4,9656
SIKKIM,2019,5,16672
SIKKIM,2019,6,15133
SIKKIM,2019,7,20729
SIKKIM,2019,8,22187
SIKKIM,2019,9,21223
SIKKIM,2019,10,8868
SIKKIM,2019,11,21373
SIKKIM,2019,12,22733
SIKKIM,2020,1,22040
SIKKIM,2020,2,26808
SIKKIM,2020,3,17915
TAMIL NADU,2019,4,2759532
TAMIL NADU,2019,5,3194661
TAMIL NADU,2019,6,3351675
TAMIL NADU,2019,7,3384967
TAMIL NADU,2019,8,3534382
TAMIL NADU,2019,9,2974877
TAMIL NADU,2019,10,2437731
TAMIL NADU,2019,11,1943985
TAMIL NADU,2019,12,1478541
TAMIL NADU,2020,1,1358601
TAMIL NADU,2020,2,2361394
TAMIL NADU,2020,3,2590649
TELANGANA,2019,4,2024399
TELANGANA,2019,5,2178850
TELANGANA,2019,6,1756111
TELANGANA,2019,7,529220
TELANGANA,2019,8,78835
TELANGANA,2019,9,52689
TELANGANA,2019,10,37448
TELANGANA,2019,11,23696
TELANGANA,2019,12,49732
TELANGANA,2020,1,61226
TELANGANA,2020,2,131349
TELANGANA,2020,3,336339
TRIPURA,2019,4,8933
TRIPURA,2019,5,301531
TRIPURA,2019,6,440055
TRIPURA,2019,7,367328
TRIPURA,2019,8,305343
TRIPURA,2019,9,411184
TRIPURA,2019,10,122666
TRIPURA,2019,11,148612
TRIPURA,2019,12,254780
TRIPURA,2020,1,247861
TRIPURA,2020,2,276415
TRIPURA,2020,3,226943
UTTAR PRADESH,2019,4,1128901
UTTAR PRADESH,2019,5,1372782
UTTAR PRADESH,2019,6,2258192
UTTAR PRADESH,2019,7,1897128
UTTAR PRADESH,2019,8,1721871
UTTAR PRADESH,2019,9,1683934
UTTAR PRADESH,2019,10,1487400
UTTAR PRADESH,2019,11,2040878
UTTAR PRADESH,2019,12,2127926
UTTAR PRADESH,2020,1,1939035
UTTAR PRADESH,2020,2,1695223
UTTAR PRADESH,2020,3,1539816
UTTARAKHAND,2019,4,128421
UTTARAKHAND,2019,5,99928
UTTARAKHAND,2019,6,82309
UTTARAKHAND,2019,7,90884
UTTARAKHAND,2019,8,105086
UTTARAKHAND,2019,9,104135
UTTARAKHAND,2019,10,68346
UTTARAKHAND,2019,11,92966
UTTARAKHAND,2019,12,136514
UTTARAKHAND,2020,1,181346
UTTARAKHAND,2020,2,239522
UTTARAKHAND,2020,3,213267
WEST BENGAL,2019,4,602723
WEST BENGAL,2019,5,832117
WEST BENGAL,2019,6,961875
WEST BENGAL,2019,7,495268
WEST BENGAL,2019,8,397310
WEST BENGAL,2019,9,793696
WEST BENGAL,2019,10,883737
WEST BENGAL,2019,11,1486239
WEST BENGAL,2019,12,2083815
WEST BENGAL,2020,1,2575977
WEST BENGAL,2020,2,2807153
WEST BENGAL,2020,3,2148721
ANDAMAN AND NICOBAR,2019,4,1180
ANDAMAN AND NICOBAR,2019,5,1716
ANDAMAN AND NICOBAR,2019,6,1603
ANDAMAN AND NICOBAR,2019,7,1990
ANDAMAN AND NICOBAR,2019,8,1841
ANDAMAN AND NICOBAR,2019,9,1987
ANDAMAN AND NICOBAR,2019,10,2524
ANDAMAN AND NICOBAR,2019,11,2271
ANDAMAN AND NICOBAR,2019,12,2539
ANDAMAN AND NICOBAR,2020,1,2555
ANDAMAN AND NICOBAR,2020,2,2183
ANDAMAN AND NICOBAR,2020,3,1473
DN HAVELI AND DD,2019,4,0
DN HAVELI AND DD,2019,5,0
DN HAVELI AND DD,2019,6,0
DN HAVELI AND DD,2019,7,0
DN HAVELI AND DD,2019,8,0
DN HAVELI AND DD,2019,9,0
DN HAVELI AND DD,2019,10,0
DN HAVELI AND DD,2019,11,0
DN HAVELI AND DD,2019,12,0
DN HAVELI AND DD,2020,1,0
DN HAVELI AND DD,2020,2,0
DN HAVELI AND DD,2020,3,0
LAKSHADWEEP,2019,4,5
LAKSHADWEEP,2019,5,2
LAKSHADWEEP,2019,6,0
LAKSHADWEEP,2019,7,6
LAKSHADWEEP,2019,8,24
LAKSHADWEEP,2019,9,43
LAKSHADWEEP,2019,10,55
LAKSHADWEEP,2019,11,35
LAKSHADWEEP,2019,12,31
LAKSHADWEEP,2020,1,33
LAKSHADWEEP,2020,2,38
LAKSHADWEEP,2020,3,49
PUDUCHERRY,2019,4,1788
PUDUCHERRY,2019,5,5558
PUDUCHERRY,2019,6,16557
PUDUCHERRY,2019,7,24644
PUDUCHERRY,2019,8,21908
PUDUCHERRY,2019,9,19399
PUDUCHERRY,2019,10,5793
PUDUCHERRY,2019,11,6070
PUDUCHERRY,2019,12,1125
PUDUCHERRY,2020,1,1651
PUDUCHERRY,2020,2,11476
PUDUCHERRY,2020,3,11040
ANDHRA PRADESH,2020,4,3459538
ANDHRA PRADESH,2020,5,4203146
ANDHRA PRADESH,2020,6,4501514
ANDHRA PRADESH,2020,7,3835853
ANDHRA PRADESH,2020,8,2222589
ANDHRA PRADESH,2020,9,1707845
ANDHRA PRADESH,2020,10,1508748
ANDHRA PRADESH,2020,11,1328926
ANDHRA PRADESH,2020,12,2267512
ANDHRA PRADESH,2021,1,2100029
ANDHRA PRADESH,2021,2,2761108
ANDHRA PRADESH,2021,3,3126316
ARUNACHAL PRADESH,2020,4,42354
ARUNACHAL PRADESH,2020,5,100899
ARUNACHAL PRADESH,2020,6,89346
ARUNACHAL PRADESH,2020,7,60459
ARUNACHAL PRADESH,2020,8,46218
ARUNACHAL PRADESH,2020,9,67846
ARUNACHAL PRADESH,2020,10,55223
ARUNACHAL PRADESH,2020,11,55378
ARUNACHAL PRADESH,2020,12,49310
ARUNACHAL PRADESH,2021,1,67713
ARUNACHAL PRADESH,2021,2,104429
ARUNACHAL PRADESH,2021,3,106908
ASSAM,2020,4,23888
ASSAM,2020,5,550294
ASSAM,2020,6,653365
ASSAM,2020,7,488280
ASSAM,2020,8,469817
ASSAM,2020,9,482479
ASSAM,2020,10,550712
ASSAM,2020,11,881261
ASSAM,2020,12,1033606
ASSAM,2021,1,1007488
ASSAM,2021,2,1179297
ASSAM,2021,3,849359
BIHAR,2020,4,850970
BIHAR,2020,5,2030448
BIHAR,2020,6,2605900
BIHAR,2020,7,1330133
BIHAR,2020,8,888806
BIHAR,2020,9,1088785
BIHAR,2020,10,966782
BIHAR,2020,11,975473
BIHAR,2020,12,1419953
BIHAR,2021,1,1755534
BIHAR,2021,2,1858951
BIHAR,2021,3,1729064
CHHATTISGARH,2020,4,1635412
CHHATTISGARH,2020,5,2491449
CHHATTISGARH,2020,6,1993247
CHHATTISGARH,2020,7,321021
CHHATTISGARH,2020,8,253602
CHHATTISGARH,2020,9,243306
CHHATTISGARH,2020,10,324845
CHHATTISGARH,2020,11,486166
CHHATTISGARH,2020,12,1156455
CHHATTISGARH,2021,1,915482
CHHATTISGARH,2021,2,1914132
CHHATTISGARH,2021,3,1874411
GOA,2020,4,391
GOA,2020,5,805
GOA,2020,6,680
GOA,2020,7,272
GOA,2020,8,281
GOA,2020,9,465
GOA,2020,10,1480
GOA,2020,11,2279
GOA,2020,12,2033
GOA,2021,1,1455
GOA,2021,2,1134
GOA,2021,3,732
GUJARAT,2020,4,93254
GUJARAT,2020,5,767303
GUJARAT,2020,6,806751
GUJARAT,2020,7,247197
GUJARAT,2020,8,153767
GUJARAT,2020,9,132417
GUJARAT,2020,10,136758
GUJARAT,2020,11,90960
GUJARAT,2020,12,237072
GUJARAT,2021,1,274381
GUJARAT,2021,2,320549
GUJARAT,2021,3,271043
HARYANA,2020,4,43002
HARYANA,2020,5,205197
HARYANA,2020,6,223051
HARYANA,2020,7,184583
HARYANA,2020,8,157092
HARYANA,2020,9,146782
HARYANA,2020,10,145100
HARYANA,2020,11,140118
HARYANA,2020,12,173610
HARYANA,2021,1,148132
HARYANA,2021,2,130747
HARYANA,2021,3,90056
HIMACHAL PRADESH,2020,4,34435
HIMACHAL PRADESH,2020,5,192613
HIMACHAL PRADESH,2020,6,286174
HIMACHAL PRADESH,2020,7,285823
HIMACHAL PRADESH,2020,8,248753
HIMACHAL PRADESH,2020,9,248690
HIMACHAL PRADESH,2020,10,253448
HIMACHAL PRADESH,2020,11,245888
HIMACHAL PRADESH,2020,12,213052
HIMACHAL PRADESH,2021,1,28326
HIMACHAL PRADESH,2021,2,110284
HIMACHAL PRADESH,2021,3,177902
JAMMU AND KASHMIR,2020,4,21565
JAMMU AND KASHMIR,2020,5,98078
JAMMU AND KASHMIR,2020,6,123460
JAMMU AND KASHMIR,2020,7,141218
JAMMU AND KASHMIR,2020,8,83795
JAMMU AND KASHMIR,2020,9,120898
JAMMU AND KASHMIR,2020,10,148275
JAMMU AND KASHMIR,2020,11,176425
JAMMU AND KASHMIR,2020,12,165315
JAMMU AND KASHMIR,2021,1,173519
JAMMU AND KASHMIR,2021,2,289559
JAMMU AND KASHMIR,2021,3,262243
JHARKHAND,2020,4,244581
JHARKHAND,2020,5,685952
JHARKHAND,2020,6,1072183
JHARKHAND,2020,7,974003
JHARKHAND,2020,8,742007
JHARKHAND,2020,9,1100624
JHARKHAND,2020,10,1248886
JHARKHAND,2020,11,1093355
JHARKHAND,2020,12,1172685
JHARKHAND,2021,1,972414
JHARKHAND,2021,2,871813
JHARKHAND,2021,3,980604
KARNATAKA,2020,4,452260
KARNATAKA,2020,5,1259720
KARNATAKA,2020,6,1512692
KARNATAKA,2020,7,1280927
KARNATAKA,2020,8,897865
KARNATAKA,2020,9,898986
KARNATAKA,2020,10,834274
KARNATAKA,2020,11,807746
KARNATAKA,2020,12,522081
KARNATAKA,2021,1,752357
KARNATAKA,2021,2,909964
KARNATAKA,2021,3,1049224
KERALA,2020,4,53510
KERALA,2020,5,580832
KERALA,2020,6,929347
KERALA,2020,7,853732
KERALA,2020,8,757580
KERALA,2020,9,955221
KERALA,2020,10,988679
KERALA,2020,11,1137587
KERALA,2020,12,946626
KERALA,2021,1,1042273
KERALA,2021,2,1011822
KERALA,2021,3,880562
LADAKH,2020,4,231
LADAKH,2020,5,5136
LADAKH,2020,6,10848
LADAKH,2020,7,8380
LADAKH,2020,8,7391
LADAKH,2020,9,8726
LADAKH,2020,10,11900
LADAKH,2020,11,7821
LADAKH,2020,12,6702
LADAKH,2021,1,6914
LADAKH,2021,2,4128
LADAKH,2021,3,3844
MADHYA PRADESH,2020,4,764618
MADHYA PRADESH,2020,5,2513563
MADHYA PRADESH,2020,6,2815050
MADHYA PRADESH,2020,7,2253066
MADHYA PRADESH,2020,8,1885539
MADHYA PRADESH,2020,9,1999835
MADHYA PRADESH,2020,10,1970028
MADHYA PRADESH,2020,11,1894168
MADHYA PRADESH,2020,12,2637529
MADHYA PRADESH,2021,1,2525771
MADHYA PRADESH,2021,2,2061147
MADHYA PRADESH,2021,3,1924204
MAHARASHTRA,2020,4,229527
MAHARASHTRA,2020,5,813144
MAHARASHTRA,2020,6,664773
MAHARASHTRA,2020,7,341267
MAHARASHTRA,2020,8,237468
MAHARASHTRA,2020,9,261322
MAHARASHTRA,2020,10,258578
MAHARASHTRA,2020,11,224621
MAHARASHTRA,2020,12,360501
MAHARASHTRA,2021,1,380927
MAHARASHTRA,2021,2,541751
MAHARASHTRA,2021,3,629786
MANIPUR,2020,4,16920
MANIPUR,2020,5,120867
MANIPUR,2020,6,137545
MANIPUR,2020,7,247819
MANIPUR,2020,8,264211
MANIPUR,2020,9,314044
MANIPUR,2020,10,347107
MANIPUR,2020,11,208039
MANIPUR,2020,12,160501
MANIPUR,2021,1,146682
MANIPUR,2021,2,102449
MANIPUR,2021,3,265385
MEGHALAYA,2020,4,24500
MEGHALAYA,2020,5,106440
MEGHALAYA,2020,6,194480
MEGHALAYA,2020,7,178868
MEGHALAYA,2020,8,213461
MEGHALAYA,2020,9,239014
MEGHALAYA,2020,10,185335
MEGHALAYA,2020,11,154877
MEGHALAYA,2020,12,145445
MEGHALAYA,2021,1,185175
MEGHALAYA,2021,2,217668
MEGHALAYA,2021,3,231507
MIZORAM,2020,4,196757
MIZORAM,2020,5,197967
MIZORAM,2020,6,198998
MIZORAM,2020,7,198896
MIZORAM,2020,8,199485
MIZORAM,2020,9,199985
MIZORAM,2020,10,200916
MIZORAM,2020,11,201767
MIZORAM,2020,12,181494
MIZORAM,2021,1,198843
MIZORAM,2021,2,203231
MIZORAM,2021,3,1651
NAGALAND,2020,4,41043
NAGALAND,2020,5,359296
NAGALAND,2020,6,314623
NAGALAND,2020,7,257240
NAGALAND,2020,8,252612
NAGALAND,2020,9,213149
NAGALAND,2020,10,217339
NAGALAND,2020,11,140334
NAGALAND,2020,12,104296
NAGALAND,2021,1,104924
NAGALAND,2021,2,152116
NAGALAND,2021,3,105540
ODISHA,2020,4,519854
ODISHA,2020,5,1268053
ODISHA,2020,6,1634013
ODISHA,2020,7,1208332
ODISHA,2020,8,1194352
ODISHA,2020,9,1296494
ODISHA,2020,10,1223553
ODISHA,2020,11,1318544
ODISHA,2020,12,1363062
ODISHA,2021,1,1349347
ODISHA,2021,2,1136313
ODISHA,2021,3,1073622
PUNJAB,2020,4,33515
PUNJAB,2020,5,280902
PUNJAB,2020,6,358260
PUNJAB,2020,7,430104
PUNJAB,2020,8,455163
PUNJAB,2020,9,426111
PUNJAB,2020,10,336656
PUNJAB,2020,11,310217
PUNJAB,2020,12,355316
PUNJAB,2021,1,364552
PUNJAB,2021,2,359588
PUNJAB,2021,3,346651
RAJASTHAN,2020,4,926007
RAJASTHAN,2020,5,4129546
RAJASTHAN,2020,6,5372520
RAJASTHAN,2020,7,3900092
RAJASTHAN,2020,8,2363217
RAJASTHAN,2020,9,1701267
RAJASTHAN,2020,10,1548287
RAJASTHAN,2020,11,1576808
RAJASTHAN,2020,12,2430360
RAJASTHAN,2021,1,2978664
RAJASTHAN,2021,2,3138607
RAJASTHAN,2021,3,2422259
SIKKIM,2020,4,5195
SIKKIM,2020,5,14701
SIKKIM,2020,6,42569
SIKKIM,2020,7,33080
SIKKIM,2020,8,24584
SIKKIM,2020,9,25635
SIKKIM,2020,10,21715
SIKKIM,2020,11,17770
SIKKIM,2020,12,18936
SIKKIM,2021,1,21231
SIKKIM,2021,2,22973
SIKKIM,2021,3,22762
TAMIL NADU,2020,4,389827
TAMIL NADU,2020,5,2637849
TAMIL NADU,2020,6,4132295
TAMIL NADU,2020,7,4343811
TAMIL NADU,2020,8,4113929
TAMIL NADU,2020,9,4345369
TAMIL NADU,2020,10,4585102
TAMIL NADU,2020,11,3730332
TAMIL NADU,2020,12,3366981
TAMIL NADU,2021,1,2778859
TAMIL NADU,2021,2,3414909
TAMIL NADU,2021,3,3279129
TELANGANA,2020,4,1252708
TELANGANA,2020,5,2964988
TELANGANA,2020,6,2074994
TELANGANA,2020,7,376537
TELANGANA,2020,8,130346
TELANGANA,2020,9,131436
TELANGANA,2020,10,177689
TELANGANA,2020,11,238939
TELANGANA,2020,12,555464
TELANGANA,2021,1,589429
TELANGANA,2021,2,1103534
TELANGANA,2021,3,1374474
TRIPURA,2020,4,87189
TRIPURA,2020,5,414841
TRIPURA,2020,6,370490
TRIPURA,2020,7,374974
TRIPURA,2020,8,361073
TRIPURA,2020,9,399690
TRIPURA,2020,10,325156
TRIPURA,2020,11,295315
TRIPURA,2020,12,340413
TRIPURA,2021,1,299305
TRIPURA,2021,2,275199
TRIPURA,2021,3,235250
UTTAR PRADESH,2020,4,1108243
UTTAR PRADESH,2020,5,5456120
UTTAR PRADESH,2020,6,7460309
UTTAR PRADESH,2020,7,4344543
UTTAR PRADESH,2020,8,3253779
UTTAR PRADESH,2020,9,3031514
UTTAR PRADESH,2020,10,3269854
UTTAR PRADESH,2020,11,2725179
UTTAR PRADESH,2020,12,2761699
UTTAR PRADESH,2021,1,2648208
UTTAR PRADESH,2021,2,2463346
UTTAR PRADESH,2021,3,2008243
UTTARAKHAND,2020,4,74993
UTTARAKHAND,2020,5,195533
UTTARAKHAND,2020,6,224896
UTTARAKHAND,2020,7,240792
UTTARAKHAND,2020,8,216738
UTTARAKHAND,2020,9,224896
UTTARAKHAND,2020,10,184179
UTTARAKHAND,2020,11,149811
UTTARAKHAND,2020,12,171872
UTTARAKHAND,2021,1,196279
UTTARAKHAND,2021,2,209811
UTTARAKHAND,2021,3,195086
WEST BENGAL,2020,4,749249
WEST BENGAL,2020,5,2616157
WEST BENGAL,2020,6,3871798
WEST BENGAL,2020,7,3166209
WEST BENGAL,2020,8,2166059
WEST BENGAL,2020,9,2332424
WEST BENGAL,2020,10,2303570
WEST BENGAL,2020,11,2121405
WEST BENGAL,2020,12,2192788
WEST BENGAL,2021,1,2307467
WEST BENGAL,2021,2,1783662
WEST BENGAL,2021,3,691351
ANDAMAN AND NICOBAR,2020,4,787
ANDAMAN AND NICOBAR,2020,5,2636
ANDAMAN AND NICOBAR,2020,6,3302
ANDAMAN AND NICOBAR,2020,7,2966
ANDAMAN AND NICOBAR,2020,8,644
ANDAMAN AND NICOBAR,2020,9,2613
ANDAMAN AND NICOBAR,2020,10,2350
ANDAMAN AND NICOBAR,2020,11,2085
ANDAMAN AND NICOBAR,2020,12,2562
ANDAMAN AND NICOBAR,2021,1,2472
ANDAMAN AND NICOBAR,2021,2,2309
ANDAMAN AND NICOBAR,2021,3,1368
DN HAVELI AND DD,2020,4,0
DN HAVELI AND DD,2020,5,0
DN HAVELI AND DD,2020,6,0
DN HAVELI AND DD,2020,7,0
DN HAVELI AND DD,2020,8,0
DN HAVELI AND DD,2020,9,0
DN HAVELI AND DD,2020,10,0
DN HAVELI AND DD,2020,11,0
DN HAVELI AND DD,2020,12,0
DN HAVELI AND DD,2021,1,0
DN HAVELI AND DD,2021,2,0
DN HAVELI AND DD,2021,3,0
LAKSHADWEEP,2020,4,8
LAKSHADWEEP,2020,5,35
LAKSHADWEEP,2020,6,18
LAKSHADWEEP,2020,7,15
LAKSHADWEEP,2020,8,22
LAKSHADWEEP,2020,9,13
LAKSHADWEEP,2020,10,18
LAKSHADWEEP,2020,11,14
LAKSHADWEEP,2020,12,6
LAKSHADWEEP,2021,1,25
LAKSHADWEEP,2021,2,9
LAKSHADWEEP,2021,3,10
PUDUCHERRY,2020,4,13598
PUDUCHERRY,2020,5,31200
PUDUCHERRY,2020,6,37970
PUDUCHERRY,2020,7,32708
PUDUCHERRY,2020,8,25234
PUDUCHERRY,2020,9,14134
PUDUCHERRY,2020,10,11261
PUDUCHERRY,2020,11,5073
PUDUCHERRY,2020,12,985
PUDUCHERRY,2021,1,541
PUDUCHERRY,2021,2,1121
PUDUCHERRY,2021,3,374
ANDHRA PRADESH,2021,4,4243334
ANDHRA PRADESH,2021,5,4590700
ANDHRA PRADESH,2021,6,4513079
ANDHRA PRADESH,2021,7,3744910
ANDHRA PRADESH,2021,8,2207968
ANDHRA PRADESH,2021,9,1047255
ANDHRA PRADESH,2021,10,743200
ANDHRA PRADESH,2021,11,343963
ANDHRA PRADESH,2021,12,74901
ANDHRA PRADESH,2022,1,353249
ANDHRA PRADESH,2022,2,1097512
ANDHRA PRADESH,2022,3,1887577
ARUNACHAL PRADESH,2021,4,19820
ARUNACHAL PRADESH,2021,5,31027
ARUNACHAL PRADESH,2021,6,42858
ARUNACHAL PRADESH,2021,7,81816
ARUNACHAL PRADESH,2021,8,141940
ARUNACHAL PRADESH,2021,9,144477
ARUNACHAL PRADESH,2021,10,70544
ARUNACHAL PRADESH,2021,11,51256
ARUNACHAL PRADESH,2021,12,66918
ARUNACHAL PRADESH,2022,1,121344
ARUNACHAL PRADESH,2022,2,142761
ARUNACHAL PRADESH,2022,3,106554
ASSAM,2021,4,862649
ASSAM,2021,5,780927
ASSAM,2021,6,858757
ASSAM,2021,7,559693
ASSAM,2021,8,558257
ASSAM,2021,9,485365
ASSAM,2021,10,373475
ASSAM,2021,11,612812
ASSAM,2021,12,903405
ASSAM,2022,1,945313
ASSAM,2022,2,809340
ASSAM,2022,3,1381546
BIHAR,2021,4,1913052
BIHAR,2021,5,2025316
BIHAR,2021,6,2015813
BIHAR,2021,7,970981
BIHAR,2021,8,703617
BIHAR,2021,9,686419
BIHAR,2021,10,550425
BIHAR,2021,11,555843
BIHAR,2021,12,785012
BIHAR,2022,1,1169967
BIHAR,2022,2,1708960
BIHAR,2022,3,2077633
CHHATTISGARH,2021,4,1433988
CHHATTISGARH,2021,5,1870704
CHHATTISGARH,2021,6,1731734
CHHATTISGARH,2021,7,244575
CHHATTISGARH,2021,8,179582
CHHATTISGARH,2021,9,193021
CHHATTISGARH,2021,10,348658
CHHATTISGARH,2021,11,563394
CHHATTISGARH,2021,12,1302890
CHHATTISGARH,2022,1,1615891
CHHATTISGARH,2022,2,1721518
CHHATTISGARH,2022,3,1438843
GOA,2021,4,159
GOA,2021,5,149
GOA,2021,6,917
GOA,2021,7,938
GOA,2021,8,1292
GOA,2021,9,695
GOA,2021,10,741
GOA,2021,11,1598
GOA,2021,12,1351
GOA,2022,1,880
GOA,2022,2,392
GOA,2022,3,334
GUJARAT,2021,4,587768
GUJARAT,2021,5,687051
GUJARAT,2021,6,695419
GUJARAT,2021,7,430871
GUJARAT,2021,8,216266
GUJARAT,2021,9,198679
GUJARAT,2021,10,201149
GUJARAT,2021,11,218026
GUJARAT,2021,12,303856
GUJARAT,2022,1,389980
GUJARAT,2022,2,334045
GUJARAT,2022,3,228981
HARYANA,2021,4,66623
HARYANA,2021,5,141781
HARYANA,2021,6,223434
HARYANA,2021,7,180599
HARYANA,2021,8,120267
HARYANA,2021,9,97688
HARYANA,2021,10,99455
HARYANA,2021,11,106474
HARYANA,2021,12,153251
HARYANA,2022,1,128251
HARYANA,2022,2,129698
HARYANA,2022,3,125700
HIMACHAL PRADESH,2021,4,182765
HIMACHAL PRADESH,2021,5,150246
HIMACHAL PRADESH,2021,6,226576
HIMACHAL PRADESH,2021,7,251567
HIMACHAL PRADESH,2021,8,248998
HIMACHAL PRADESH,2021,9,244049
HIMACHAL PRADESH,2021,10,176629
HIMACHAL PRADESH,2021,11,213629
HIMACHAL PRADESH,2021,12,244669
HIMACHAL PRADESH,2022,1,251280
HIMACHAL PRADESH,2022,2,261047
HIMACHAL PRADESH,2022,3,241991
JAMMU AND KASHMIR,2021,4,26815
JAMMU AND KASHMIR,2021,5,37011
JAMMU AND KASHMIR,2021,6,77629
JAMMU AND KASHMIR,2021,7,131051
JAMMU AND KASHMIR,2021,8,153227
JAMMU AND KASHMIR,2021,9,147153
JAMMU AND KASHMIR,2021,10,126247
JAMMU AND KASHMIR,2021,11,187570
JAMMU AND KASHMIR,2021,12,218477
JAMMU AND KASHMIR,2022,1,183242
JAMMU AND KASHMIR,2022,2,244814
JAMMU AND KASHMIR,2022,3,251796
JHARKHAND,2021,4,1168787
JHARKHAND,2021,5,1077703
JHARKHAND,2021,6,1040789
JHARKHAND,2021,7,737017
JHARKHAND,2021,8,580324
JHARKHAND,2021,9,796894
JHARKHAND,2021,10,896140
JHARKHAND,2021,11,954260
JHARKHAND,2021,12,915635
JHARKHAND,2022,1,792759
JHARKHAND,2022,2,623459
JHARKHAND,2022,3,658227
KARNATAKA,2021,4,1303609
KARNATAKA,2021,5,1042236
KARNATAKA,2021,6,1585158
KARNATAKA,2021,7,1632096
KARNATAKA,2021,8,1232980
KARNATAKA,2021,9,1073319
KARNATAKA,2021,10,988026
KARNATAKA,2021,11,771759
KARNATAKA,2021,12,662411
KARNATAKA,2022,1,799991
KARNATAKA,2022,2,945320
KARNATAKA,2022,3,945294
KERALA,2021,4,228355
KERALA,2021,5,104324
KERALA,2021,6,472466
KERALA,2021,7,854817
KERALA,2021,8,895242
KERALA,2021,9,1124655
KERALA,2021,10,1080612
KERALA,2021,11,1116827
KERALA,2021,12,1114981
KERALA,2022,1,1065854
KERALA,2022,2,1056698
KERALA,2022,3,860627
LADAKH,2021,4,68
LADAKH,2021,5,63
LADAKH,2021,6,343
LADAKH,2021,7,6644
LADAKH,2021,8,9838
LADAKH,2021,9,6229
LADAKH,2021,10,9207
LADAKH,2021,11,9158
LADAKH,2021,12,11365
LADAKH,2022,1,5813
LADAKH,2022,2,4785
LADAKH,2022,3,5688
MADHYA PRADESH,2021,4,2510788
MADHYA PRADESH,2021,5,2646864
MADHYA PRADESH,2021,6,2946980
MADHYA PRADESH,2021,7,1942629
MADHYA PRADESH,2021,8,1595433
MADHYA PRADESH,2021,9,1991102
MADHYA PRADESH,2021,10,1917853
MADHYA PRADESH,2021,11,1629578
MADHYA PRADESH,2021,12,1619348
MADHYA PRADESH,2022,1,1530775
MADHYA PRADESH,2022,2,1736780
MADHYA PRADESH,2022,3,1453383
MAHARASHTRA,2021,4,532531
MAHARASHTRA,2021,5,529327
MAHARASHTRA,2021,6,621637
MAHARASHTRA,2021,7,394763
MAHARASHTRA,2021,8,316682
MAHARASHTRA,2021,9,286028
MAHARASHTRA,2021,10,290799
MAHARASHTRA,2021,11,286934
MAHARASHTRA,2021,12,582814
MAHARASHTRA,2022,1,692062
MAHARASHTRA,2022,2,859094
MAHARASHTRA,2022,3,837110
MANIPUR,2021,4,9017
MANIPUR,2021,5,8478
MANIPUR,2021,6,22977
MANIPUR,2021,7,75042
MANIPUR,2021,8,225078
MANIPUR,2021,9,392756
MANIPUR,2021,10,419903
MANIPUR,2021,11,321170
MANIPUR,2021,12,204656
MANIPUR,2022,1,113234
MANIPUR,2022,2,53152
MANIPUR,2022,3,213376
MEGHALAYA,2021,4,27001
MEGHALAYA,2021,5,58682
MEGHALAYA,2021,6,109406
MEGHALAYA,2021,7,142547
MEGHALAYA,2021,8,166042
MEGHALAYA,2021,9,203429
MEGHALAYA,2021,10,195234
MEGHALAYA,2021,11,244838
MEGHALAYA,2021,12,209892
MEGHALAYA,2022,1,236564
MEGHALAYA,2022,2,259554
MEGHALAYA,2022,3,244370
MIZORAM,2021,4,204216
MIZORAM,2021,5,204682
MIZORAM,2021,6,205053
MIZORAM,2021,7,205196
MIZORAM,2021,8,205980
MIZORAM,2021,9,205045
MIZORAM,2021,10,206520
MIZORAM,2021,11,207203
MIZORAM,2021,12,206962
MIZORAM,2022,1,204826
MIZORAM,2022,2,206484
MIZORAM,2022,3,150903
NAGALAND,2021,4,66128
NAGALAND,2021,5,180002
NAGALAND,2021,6,220535
NAGALAND,2021,7,216535
NAGALAND,2021,8,281113
NAGALAND,2021,9,205323
NAGALAND,2021,10,170529
NAGALAND,2021,11,208359
NAGALAND,2021,12,79600
NAGALAND,2022,1,213299
NAGALAND,2022,2,257778
NAGALAND,2022,3,202104
ODISHA,2021,4,1217306
ODISHA,2021,5,1513917
ODISHA,2021,6,1604784
ODISHA,2021,7,1158968
ODISHA,2021,8,1198185
ODISHA,2021,9,1215964
ODISHA,2021,10,1083946
ODISHA,2021,11,1026281
ODISHA,2021,12,946284
ODISHA,2022,1,787669
ODISHA,2022,2,563924
ODISHA,2022,3,932399
PUNJAB,2021,4,299530
PUNJAB,2021,5,418424
PUNJAB,2021,6,429565
PUNJAB,2021,7,131564
PUNJAB,2021,8,58580
PUNJAB,2021,9,431266
PUNJAB,2021,10,378626
PUNJAB,2021,11,345521
PUNJAB,2021,12,426992
PUNJAB,2022,1,271190
PUNJAB,2022,2,133150
PUNJAB,2022,3,161325
RAJASTHAN,2021,4,2659917
RAJASTHAN,2021,5,1690739
RAJASTHAN,2021,6,2838894
RAJASTHAN,2021,7,4094497
RAJASTHAN,2021,8,2462480
RAJASTHAN,2021,9,2216434
RAJASTHAN,2021,10,1898230
RAJASTHAN,2021,11,2293021
RAJASTHAN,2021,12,3174392
RAJASTHAN,2022,1,3442078
RAJASTHAN,2022,2,2768506
RAJASTHAN,2022,3,2133950
SIKKIM,2021,4,16504
SIKKIM,2021,5,11092
SIKKIM,2021,6,20798
SIKKIM,2021,7,38682
SIKKIM,2021,8,27211
SIKKIM,2021,9,27078
SIKKIM,2021,10,14234
SIKKIM,2021,11,20387
SIKKIM,2021,12,23237
SIKKIM,2022,1,17244
SIKKIM,2022,2,18360
SIKKIM,2022,3,18205
TAMIL NADU,2021,4,3395946
TAMIL NADU,2021,5,2059374
TAMIL NADU,2021,6,2608369
TAMIL NADU,2021,7,4909763
TAMIL NADU,2021,8,4684193
TAMIL NADU,2021,9,4925772
TAMIL NADU,2021,10,3812537
TAMIL NADU,2021,11,3061947
TAMIL NADU,2021,12,3845024
TAMIL NADU,2022,1,3005904
TAMIL NADU,2022,2,3598794
TAMIL NADU,2022,3,3254550
TELANGANA,2021,4,1624243
TELANGANA,2021,5,1892241
TELANGANA,2021,6,1459980
TELANGANA,2021,7,406362
TELANGANA,2021,8,137653
TELANGANA,2021,9,122034
TELANGANA,2021,10,129826
TELANGANA,2021,11,284427
TELANGANA,2021,12,438932
TELANGANA,2022,1,545878
TELANGANA,2022,2,651091
TELANGANA,2022,3,946367
TRIPURA,2021,4,118793
TRIPURA,2021,5,390604
TRIPURA,2021,6,372888
TRIPURA,2021,7,369704
TRIPURA,2021,8,348510
TRIPURA,2021,9,452007
TRIPURA,2021,10,173248
TRIPURA,2021,11,313428
TRIPURA,2021,12,286978
TRIPURA,2022,1,278636
TRIPURA,2022,2,282996
TRIPURA,2022,3,231087
UTTAR PRADESH,2021,4,1090949
UTTAR PRADESH,2021,5,1169400
UTTAR PRADESH,2021,6,3521388
UTTAR PRADESH,2021,7,3613921
UTTAR PRADESH,2021,8,2787441
UTTAR PRADESH,2021,9,2483364
UTTAR PRADESH,2021,10,2346097
UTTAR PRADESH,2021,11,2723668
UTTAR PRADESH,2021,12,3148064
UTTAR PRADESH,2022,1,2290785
UTTAR PRADESH,2022,2,1582727
UTTAR PRADESH,2022,3,1540743
UTTARAKHAND,2021,4,100308
UTTARAKHAND,2021,5,75558
UTTARAKHAND,2021,6,165565
UTTARAKHAND,2021,7,191023
UTTARAKHAND,2021,8,171425
UTTARAKHAND,2021,9,160130
UTTARAKHAND,2021,10,141016
UTTARAKHAND,2021,11,141912
UTTARAKHAND,2021,12,202910
UTTARAKHAND,2022,1,184258
UTTARAKHAND,2022,2,117489
UTTARAKHAND,2022,3,129012
WEST BENGAL,2021,4,254457
WEST BENGAL,2021,5,1171493
WEST BENGAL,2021,6,3302106
WEST BENGAL,2021,7,3588260
WEST BENGAL,2021,8,2708112
WEST BENGAL,2021,9,2433566
WEST BENGAL,2021,10,1603297
WEST BENGAL,2021,11,1808018
WEST BENGAL,2021,12,1871590
WEST BENGAL,2022,1,1717813
WEST BENGAL,2022,2,1608661
WEST BENGAL,2022,3,1381219
ANDAMAN AND NICOBAR,2021,4,811
ANDAMAN AND NICOBAR,2021,5,666
ANDAMAN AND NICOBAR,2021,6,483
ANDAMAN AND NICOBAR,2021,7,1421
ANDAMAN AND NICOBAR,2021,8,1405
ANDAMAN AND NICOBAR,2021,9,1107
ANDAMAN AND NICOBAR,2021,10,1883
ANDAMAN AND NICOBAR,2021,11,1270
ANDAMAN AND NICOBAR,2021,12,1260
ANDAMAN AND NICOBAR,2022,1,1188
ANDAMAN AND NICOBAR,2022,2,921
ANDAMAN AND NICOBAR,2022,3,1982
DN HAVELI AND DD,2021,4,0
DN HAVELI AND DD,2021,5,0
DN HAVELI AND DD,2021,6,0
DN HAVELI AND DD,2021,7,0
DN HAVELI AND DD,2021,8,0
DN HAVELI AND DD,2021,9,0
DN HAVELI AND DD,2021,10,0
DN HAVELI AND DD,2021,11,0
DN HAVELI AND DD,2021,12,0
DN HAVELI AND DD,2022,1,0
DN HAVELI AND DD,2022,2,0
DN HAVELI AND DD,2022,3,0
LAKSHADWEEP,2021,4,7
LAKSHADWEEP,2021,5,10
LAKSHADWEEP,2021,6,15
LAKSHADWEEP,2021,7,18
LAKSHADWEEP,2021,8,11
LAKSHADWEEP,2021,9,9
LAKSHADWEEP,2021,10,3
LAKSHADWEEP,2021,11,14
LAKSHADWEEP,2021,12,3
LAKSHADWEEP,2022,1,7
LAKSHADWEEP,2022,2,10
LAKSHADWEEP,2022,3,13
PUDUCHERRY,2021,4,311
PUDUCHERRY,2021,5,1102
PUDUCHERRY,2021,6,13799
PUDUCHERRY,2021,7,22435
PUDUCHERRY,2021,8,25327
PUDUCHERRY,2021,9,15054
PUDUCHERRY,2021,10,6389
PUDUCHERRY,2021,11,347
PUDUCHERRY,2021,12,53
PUDUCHERRY,2022,1,2550
PUDUCHERRY,2022,2,10743
PUDUCHERRY,2022,3,9874
ANDHRA PRADESH,2022,4,3112894
ANDHRA PRADESH,2022,5,4093735
ANDHRA PRADESH,2022,6,3740063
ANDHRA PRADESH,2022,7,1184841
ANDHRA PRADESH,2022,8,619971
ANDHRA PRADESH,2022,9,647268
ANDHRA PRADESH,2022,10,584481
ANDHRA PRADESH,2022,11,755830
ANDHRA PRADESH,2022,12,745500
ANDHRA PRADESH,2023,1,1784399
ANDHRA PRADESH,2023,2,2153809
ANDHRA PRADESH,2023,3,2218664
ARUNACHAL PRADESH,2022,4,37262
ARUNACHAL PRADESH,2022,5,41953
ARUNACHAL PRADESH,2022,6,33862
ARUNACHAL PRADESH,2022,7,31441
ARUNACHAL PRADESH,2022,8,77394
ARUNACHAL PRADESH,2022,9,79111
ARUNACHAL PRADESH,2022,10,115922
ARUNACHAL PRADESH,2022,11,126264
ARUNACHAL PRADESH,2022,12,133885
ARUNACHAL PRADESH,2023,1,121250
ARUNACHAL PRADESH,2023,2,101340
ARUNACHAL PRADESH,2023,3,142093
ASSAM,2022,4,964771
ASSAM,2022,5,776922
ASSAM,2022,6,441024
ASSAM,2022,7,362696
ASSAM,2022,8,461516
ASSAM,2022,9,507096
ASSAM,2022,10,514663
ASSAM,2022,11,655032
ASSAM,2022,12,546313
ASSAM,2023,1,458627
ASSAM,2023,2,292135
ASSAM,2023,3,709625
BIHAR,2022,4,2060449
BIHAR,2022,5,2690638
BIHAR,2022,6,2800610
BIHAR,2022,7,1429763
BIHAR,2022,8,752856
BIHAR,2022,9,841156
BIHAR,2022,10,718987
BIHAR,2022,11,976289
BIHAR,2022,12,888695
BIHAR,2023,1,893520
BIHAR,2023,2,1338500
BIHAR,2023,3,1527948
CHHATTISGARH,2022,4,201741
CHHATTISGARH,2022,5,932437
CHHATTISGARH,2022,6,1108791
CHHATTISGARH,2022,7,323191
CHHATTISGARH,2022,8,272545
CHHATTISGARH,2022,9,345645
CHHATTISGARH,2022,10,453099
CHHATTISGARH,2022,11,748855
CHHATTISGARH,2022,12,1400120
CHHATTISGARH,2023,1,1703812
CHHATTISGARH,2023,2,1686084
CHHATTISGARH,2023,3,1612097
GOA,2022,4,630
GOA,2022,5,938
GOA,2022,6,1090
GOA,2022,7,472
GOA,2022,8,329
GOA,2022,9,480
GOA,2022,10,721
GOA,2022,11,1192
GOA,2022,12,1051
GOA,2023,1,1076
GOA,2023,2,957
GOA,2023,3,724
GUJARAT,2022,4,474914
GUJARAT,2022,5,662135
GUJARAT,2022,6,512132
GUJARAT,2022,7,51939
GUJARAT,2022,8,109693
GUJARAT,2022,9,186470
GUJARAT,2022,10,154697
GUJARAT,2022,11,203422
GUJARAT,2022,12,286716
GUJARAT,2023,1,298184
GUJARAT,2023,2,255917
GUJARAT,2023,3,224665
HARYANA,2022,4,52285
HARYANA,2022,5,124371
HARYANA,2022,6,144730
HARYANA,2022,7,113110
HARYANA,2022,8,119999
HARYANA,2022,9,110229
HARYANA,2022,10,55884
HARYANA,2022,11,42268
HARYANA,2022,12,75341
HARYANA,2023,1,81047
HARYANA,2023,2,96536
HARYANA,2023,3,109311
HIMACHAL PRADESH,2022,4,195926
HIMACHAL PRADESH,2022,5,236063
HIMACHAL PRADESH,2022,6,259474
HIMACHAL PRADESH,2022,7,207834
HIMACHAL PRADESH,2022,8,197247
HIMACHAL PRADESH,2022,9,217984
HIMACHAL PRADESH,2022,10,176181
HIMACHAL PRADESH,2022,11,149248
HIMACHAL PRADESH,2022,12,191560
HIMACHAL PRADESH,2023,1,159807
HIMACHAL PRADESH,2023,2,180138
HIMACHAL PRADESH,2023,3,205795
JAMMU AND KASHMIR,2022,4,16551
JAMMU AND KASHMIR,2022,5,27877
JAMMU AND KASHMIR,2022,6,42103
JAMMU AND KASHMIR,2022,7,64104
JAMMU AND KASHMIR,2022,8,94131
JAMMU AND KASHMIR,2022,9,197167
JAMMU AND KASHMIR,2022,10,157931
JAMMU AND KASHMIR,2022,11,191560
JAMMU AND KASHMIR,2022,12,310207
JAMMU AND KASHMIR,2023,1,162969
JAMMU AND KASHMIR,2023,2,248984
JAMMU AND KASHMIR,2023,3,280996
JHARKHAND,2022,4,652151
JHARKHAND,2022,5,357720
JHARKHAND,2022,6,540214
JHARKHAND,2022,7,607118
JHARKHAND,2022,8,583500
JHARKHAND,2022,9,739079
JHARKHAND,2022,10,747189
JHARKHAND,2022,11,833868
JHARKHAND,2022,12,836056
JHARKHAND,2023,1,908330
JHARKHAND,2023,2,902776
JHARKHAND,2023,3,855326
KARNATAKA,2022,4,884532
KARNATAKA,2022,5,1271119
KARNATAKA,2022,6,1426006
KARNATAKA,2022,7,1114218
KARNATAKA,2022,8,768170
KARNATAKA,2022,9,765284
KARNATAKA,2022,10,705854
KARNATAKA,2022,11,803388
KARNATAKA,2022,12,916327
KARNATAKA,2023,1,806374
KARNATAKA,2023,2,723260
KARNATAKA,2023,3,889364
KERALA,2022,4,416783
KERALA,2022,5,709508
KERALA,2022,6,916723
KERALA,2022,7,926685
KERALA,2022,8,898395
KERALA,2022,9,764924
KERALA,2022,10,955050
KERALA,2022,11,1001792
KERALA,2022,12,982632
KERALA,2023,1,950686
KERALA,2023,2,883081
KERALA,2023,3,824234
LADAKH,2022,4,47
LADAKH,2022,5,1532
LADAKH,2022,6,9745
LADAKH,2022,7,8029
LADAKH,2022,8,6095
LADAKH,2022,9,7855
LADAKH,2022,10,11625
LADAKH,2022,11,15587
LADAKH,2022,12,12969
LADAKH,2023,1,6606
LADAKH,2023,2,2755
LADAKH,2023,3,3916
MADHYA PRADESH,2022,4,1885972
MADHYA PRADESH,2022,5,2206796
MADHYA PRADESH,2022,6,1922771
MADHYA PRADESH,2022,7,1255331
MADHYA PRADESH,2022,8,1151502
MADHYA PRADESH,2022,9,1409648
MADHYA PRADESH,2022,10,1179056
MADHYA PRADESH,2022,11,1572147
MADHYA PRADESH,2022,12,1810204
MADHYA PRADESH,2023,1,1669978
MADHYA PRADESH,2023,2,1128270
MADHYA PRADESH,2023,3,826768
MAHARASHTRA,2022,4,831992
MAHARASHTRA,2022,5,946634
MAHARASHTRA,2022,6,826811
MAHARASHTRA,2022,7,413348
MAHARASHTRA,2022,8,287096
MAHARASHTRA,2022,9,354194
MAHARASHTRA,2022,10,300321
MAHARASHTRA,2022,11,433844
MAHARASHTRA,2022,12,396257
MAHARASHTRA,2023,1,490179
MAHARASHTRA,2023,2,389296
MAHARASHTRA,2023,3,526038
MANIPUR,2022,4,31080
MANIPUR,2022,5,6380
MANIPUR,2022,6,15458
MANIPUR,2022,7,57413
MANIPUR,2022,8,37220
MANIPUR,2022,9,70980
MANIPUR,2022,10,79351
MANIPUR,2022,11,91621
MANIPUR,2022,12,84696
MANIPUR,2023,1,107803
MANIPUR,2023,2,145199
MANIPUR,2023,3,218450
MEGHALAYA,2022,4,25681
MEGHALAYA,2022,5,39322
MEGHALAYA,2022,6,38011
MEGHALAYA,2022,7,90629
MEGHALAYA,2022,8,163076
MEGHALAYA,2022,9,177141
MEGHALAYA,2022,10,180601
MEGHALAYA,2022,11,221181
MEGHALAYA,2022,12,202625
MEGHALAYA,2023,1,255773
MEGHALAYA,2023,2,156658
MEGHALAYA,2023,3,243048
MIZORAM,2022,4,207905
MIZORAM,2022,5,208100
MIZORAM,2022,6,209029
MIZORAM,2022,7,181308
MIZORAM,2022,8,205897
MIZORAM,2022,9,205156
MIZORAM,2022,10,208208
MIZORAM,2022,11,209631
MIZORAM,2022,12,184575
MIZORAM,2023,1,186422
MIZORAM,2023,2,202266
MIZORAM,2023,3,207087
NAGALAND,2022,4,149781
NAGALAND,2022,5,261599
NAGALAND,2022,6,276179
NAGALAND,2022,7,277614
NAGALAND,2022,8,240988
NAGALAND,2022,9,289871
NAGALAND,2022,10,190744
NAGALAND,2022,11,105885
NAGALAND,2022,12,52603
NAGALAND,2023,1,2497
NAGALAND,2023,2,13725
NAGALAND,2023,3,159048
ODISHA,2022,4,1072331
ODISHA,2022,5,1430539
ODISHA,2022,6,1515619
ODISHA,2022,7,1010420
ODISHA,2022,8,763899
ODISHA,2022,9,872900
ODISHA,2022,10,940624
ODISHA,2022,11,1132858
ODISHA,2022,12,1239645
ODISHA,2023,1,1017487
ODISHA,2023,2,867535
ODISHA,2023,3,1117773
PUNJAB,2022,4,169963
PUNJAB,2022,5,390264
PUNJAB,2022,6,417071
PUNJAB,2022,7,323196
PUNJAB,2022,8,375724
PUNJAB,2022,9,377291
PUNJAB,2022,10,294532
PUNJAB,2022,11,352269
PUNJAB,2022,12,370375
PUNJAB,2023,1,334255
PUNJAB,2023,2,334320
PUNJAB,2023,3,278556
RAJASTHAN,2022,4,2201159
RAJASTHAN,2022,5,2934221
RAJASTHAN,2022,6,3614310
RAJASTHAN,2022,7,2021446
RAJASTHAN,2022,8,978172
RAJASTHAN,2022,9,1110065
RAJASTHAN,2022,10,1181815
RAJASTHAN,2022,11,2071589
RAJASTHAN,2022,12,2848082
RAJASTHAN,2023,1,3106589
RAJASTHAN,2023,2,2788293
RAJASTHAN,2023,3,1952240
SIKKIM,2022,4,12536
SIKKIM,2022,5,14587
SIKKIM,2022,6,23094
SIKKIM,2022,7,35576
SIKKIM,2022,8,27074
SIKKIM,2022,9,22372
SIKKIM,2022,10,7824
SIKKIM,2022,11,14071
SIKKIM,2022,12,23037
SIKKIM,2023,1,19366
SIKKIM,2023,2,18627
SIKKIM,2023,3,26190
TAMIL NADU,2022,4,2357989
TAMIL NADU,2022,5,3586494
TAMIL NADU,2022,6,4234559
TAMIL NADU,2022,7,3814329
TAMIL NADU,2022,8,3729865
TAMIL NADU,2022,9,3540018
TAMIL NADU,2022,10,3525492
TAMIL NADU,2022,11,3264899
TAMIL NADU,2022,12,3803871
TAMIL NADU,2023,1,3106808
TAMIL NADU,2023,2,3626284
TAMIL NADU,2023,3,4348876
TELANGANA,2022,4,2314649
TELANGANA,2022,5,2613825
TELANGANA,2022,6,1985863
TELANGANA,2022,7,688117
TELANGANA,2022,8,378452
TELANGANA,2022,9,356786
TELANGANA,2022,10,244969
TELANGANA,2022,11,219247
TELANGANA,2022,12,178673
TELANGANA,2023,1,200335
TELANGANA,2023,2,885613
TELANGANA,2023,3,1167566
TRIPURA,2022,4,87564
TRIPURA,2022,5,153814
TRIPURA,2022,6,261213
TRIPURA,2022,7,273517
TRIPURA,2022,8,255317
TRIPURA,2022,9,329495
TRIPURA,2022,10,200196
TRIPURA,2022,11,297120
TRIPURA,2022,12,312064
TRIPURA,2023,1,268964
TRIPURA,2023,2,59387
TRIPURA,2023,3,142742
UTTAR PRADESH,2022,4,1764739
UTTAR PRADESH,2022,5,3036744
UTTAR PRADESH,2022,6,3728895
UTTAR PRADESH,2022,7,3228524
UTTAR PRADESH,2022,8,2209320
UTTAR PRADESH,2022,9,2011485
UTTAR PRADESH,2022,10,1533504
UTTAR PRADESH,2022,11,1911517
UTTAR PRADESH,2022,12,2166144
UTTAR PRADESH,2023,1,1446318
UTTAR PRADESH,2023,2,1507888
UTTAR PRADESH,2023,3,1580916
UTTARAKHAND,2022,4,143717
UTTARAKHAND,2022,5,132216
UTTARAKHAND,2022,6,142327
UTTARAKHAND,2022,7,134643
UTTARAKHAND,2022,8,124177
UTTARAKHAND,2022,9,119396
UTTARAKHAND,2022,10,95027
UTTARAKHAND,2022,11,117033
UTTARAKHAND,2022,12,150682
UTTARAKHAND,2023,1,108689
UTTARAKHAND,2023,2,133557
UTTARAKHAND,2023,3,159928
WEST BENGAL,2022,4,925012
WEST BENGAL,2022,5,828993
WEST BENGAL,2022,6,547362
WEST BENGAL,2022,7,146232
WEST BENGAL,2022,8,65213
WEST BENGAL,2022,9,65246
WEST BENGAL,2022,10,20338
WEST BENGAL,2022,11,25300
WEST BENGAL,2022,12,12461
WEST BENGAL,2023,1,17159
WEST BENGAL,2023,2,5272
WEST BENGAL,2023,3,5084
ANDAMAN AND NICOBAR,2022,4,1398
ANDAMAN AND NICOBAR,2022,5,922
ANDAMAN AND NICOBAR,2022,6,937
ANDAMAN AND NICOBAR,2022,7,911
ANDAMAN AND NICOBAR,2022,8,1396
ANDAMAN AND NICOBAR,2022,9,1503
ANDAMAN AND NICOBAR,2022,10,910
ANDAMAN AND NICOBAR,2022,11,1047
ANDAMAN AND NICOBAR,2022,12,1234
ANDAMAN AND NICOBAR,2023,1,1477
ANDAMAN AND NICOBAR,2023,2,1643
ANDAMAN AND NICOBAR,2023,3,2009
DN HAVELI AND DD,2022,4,0
DN HAVELI AND DD,2022,5,0
DN HAVELI AND DD,2022,6,0
DN HAVELI AND DD,2022,7,0
DN HAVELI AND DD,2022,8,0
DN HAVELI AND DD,2022,9,0
DN HAVELI AND DD,2022,10,0
DN HAVELI AND DD,2022,11,0
DN HAVELI AND DD,2022,12,0
DN HAVELI AND DD,2023,1,0
DN HAVELI AND DD,2023,2,0
DN HAVELI AND DD,2023,3,0
LAKSHADWEEP,2022,4,11
LAKSHADWEEP,2022,5,23
LAKSHADWEEP,2022,6,16
LAKSHADWEEP,2022,7,20
LAKSHADWEEP,2022,8,19
LAKSHADWEEP,2022,9,7
LAKSHADWEEP,2022,10,38
LAKSHADWEEP,2022,11,51
LAKSHADWEEP,2022,12,68
LAKSHADWEEP,2023,1,64
LAKSHADWEEP,2023,2,40
LAKSHADWEEP,2023,3,41
PUDUCHERRY,2022,4,2085
PUDUCHERRY,2022,5,17457
PUDUCHERRY,2022,6,22622
PUDUCHERRY,2022,7,26586
PUDUCHERRY,2022,8,16010
PUDUCHERRY,2022,9,5540
PUDUCHERRY,2022,10,4723
PUDUCHERRY,2022,11,6164
PUDUCHERRY,2022,12,13886
PUDUCHERRY,2023,1,10607
PUDUCHERRY,2023,2,11105
PUDUCHERRY,2023,3,7983
ANDHRA PRADESH,2023,4,3051605
ANDHRA PRADESH,2023,5,3882136
ANDHRA PRADESH,2023,6,3707238
ANDHRA PRADESH,2023,7,2339234
ANDHRA PRADESH,2023,8,811713
ANDHRA PRADESH,2023,9,546197
ANDHRA PRADESH,2023,10,531450
ANDHRA PRADESH,2023,11,802087
ANDHRA PRADESH,2023,12,689781
ANDHRA PRADESH,2024,1,955191
ANDHRA PRADESH,2024,2,1573750
ANDHRA PRADESH,2024,3,1775759
ARUNACHAL PRADESH,2023,4,28382
ARUNACHAL PRADESH,2023,5,50054
ARUNACHAL PRADESH,2023,6,51026
ARUNACHAL PRADESH,2023,7,65899
ARUNACHAL PRADESH,2023,8,104202
ARUNACHAL PRADESH,2023,9,87450
ARUNACHAL PRADESH,2023,10,112378
ARUNACHAL PRADESH,2023,11,125232
ARUNACHAL PRADESH,2023,12,131079
ARUNACHAL PRADESH,2024,1,101324
ARUNACHAL PRADESH,2024,2,128555
ARUNACHAL PRADESH,2024,3,139428
ASSAM,2023,4,502358
ASSAM,2023,5,922127
ASSAM,2023,6,851919
ASSAM,2023,7,671026
ASSAM,2023,8,621100
ASSAM,2023,9,573071
ASSAM,2023,10,436105
ASSAM,2023,11,434384
ASSAM,2023,12,506168
ASSAM,2024,1,314296
ASSAM,2024,2,486355
ASSAM,2024,3,467559
BIHAR,2023,4,2026269
BIHAR,2023,5,2475449
BIHAR,2023,6,2721654
BIHAR,2023,7,858971
BIHAR,2023,8,536385
BIHAR,2023,9,556500
BIHAR,2023,10,740223
BIHAR,2023,11,1103429
BIHAR,2023,12,1501846
BIHAR,2024,1,1650806
BIHAR,2024,2,1745359
BIHAR,2024,3,1750884
CHHATTISGARH,2023,4,1353340
CHHATTISGARH,2023,5,1650055
CHHATTISGARH,2023,6,1349115
CHHATTISGARH,2023,7,138929
CHHATTISGARH,2023,8,157677
CHHATTISGARH,2023,9,179925
CHHATTISGARH,2023,10,277626
CHHATTISGARH,2023,11,311750
CHHATTISGARH,2023,12,783167
CHHATTISGARH,2024,1,1169754
CHHATTISGARH,2024,2,1252534
CHHATTISGARH,2024,3,1163554
GOA,2023,4,667
GOA,2023,5,858
GOA,2023,6,809
GOA,2023,7,243
GOA,2023,8,251
GOA,2023,9,223
GOA,2023,10,73
GOA,2023,11,60
GOA,2023,12,54
GOA,2024,1,155
GOA,2024,2,571
GOA,2024,3,446
GUJARAT,2023,4,407018
GUJARAT,2023,5,526707
GUJARAT,2023,6,451904
GUJARAT,2023,7,231570
GUJARAT,2023,8,250188
GUJARAT,2023,9,212291
GUJARAT,2023,10,249594
GUJARAT,2023,11,157372
GUJARAT,2023,12,278591
GUJARAT,2024,1,322897
GUJARAT,2024,2,308149
GUJARAT,2024,3,196555
HARYANA,2023,4,49990
HARYANA,2023,5,121909
HARYANA,2023,6,189473
HARYANA,2023,7,138623
HARYANA,2023,8,156878
HARYANA,2023,9,127873
HARYANA,2023,10,90074
HARYANA,2023,11,91281
HARYANA,2023,12,144137
HARYANA,2024,1,109018
HARYANA,2024,2,101157
HARYANA,2024,3,133786
HIMACHAL PRADESH,2023,4,181916
HIMACHAL PRADESH,2023,5,212314
HIMACHAL PRADESH,2023,6,205934
HIMACHAL PRADESH,2023,7,152187
HIMACHAL PRADESH,2023,8,172134
HIMACHAL PRADESH,2023,9,203587
HIMACHAL PRADESH,2023,10,118494
HIMACHAL PRADESH,2023,11,236913
HIMACHAL PRADESH,2023,12,277950
HIMACHAL PRADESH,2024,1,277622
HIMACHAL PRADESH,2024,2,273639
HIMACHAL PRADESH,2024,3,263143
JAMMU AND KASHMIR,2023,4,13213
JAMMU AND KASHMIR,2023,5,22130
JAMMU AND KASHMIR,2023,6,58498
JAMMU AND KASHMIR,2023,7,132798
JAMMU AND KASHMIR,2023,8,185814
JAMMU AND KASHMIR,2023,9,193103
JAMMU AND KASHMIR,2023,10,193008
JAMMU AND KASHMIR,2023,11,223786
JAMMU AND KASHMIR,2023,12,270334
JAMMU AND KASHMIR,2024,1,231976
JAMMU AND KASHMIR,2024,2,194253
JAMMU AND KASHMIR,2024,3,237581
JHARKHAND,2023,4,947207
JHARKHAND,2023,5,993072
JHARKHAND,2023,6,1082735
JHARKHAND,2023,7,966975
JHARKHAND,2023,8,855112
JHARKHAND,2023,9,784206
JHARKHAND,2023,10,796542
JHARKHAND,2023,11,697869
JHARKHAND,2023,12,666341
JHARKHAND,2024,1,748154
JHARKHAND,2024,2,777813
JHARKHAND,2024,3,735810
KARNATAKA,2023,4,1160801
KARNATAKA,2023,5,1349538
KARNATAKA,2023,6,1503032
KARNATAKA,2023,7,1189869
KARNATAKA,2023,8,802420
KARNATAKA,2023,9,842563
KARNATAKA,2023,10,833753
KARNATAKA,2023,11,754208
KARNATAKA,2023,12,751238
KARNATAKA,2024,1,699373
KARNATAKA,2024,2,733676
KARNATAKA,2024,3,791786
KERALA,2023,4,376180
KERALA,2023,5,852646
KERALA,2023,6,900839
KERALA,2023,7,951095
KERALA,2023,8,920145
KERALA,2023,9,1033463
KERALA,2023,10,970845
KERALA,2023,11,957554
KERALA,2023,12,865817
KERALA,2024,1,841949
KERALA,2024,2,764423
KERALA,2024,3,586248
LADAKH,2023,4,589
LADAKH,2023,5,1330
LADAKH,2023,6,2725
LADAKH,2023,7,6314
LADAKH,2023,8,7378
LADAKH,2023,9,11490
LADAKH,2023,10,15294
LADAKH,2023,11,15850
LADAKH,2023,12,10455
LADAKH,2024,1,5710
LADAKH,2024,2,2775
LADAKH,2024,3,2825
MADHYA PRADESH,2023,4,939870
MADHYA PRADESH,2023,5,1709262
MADHYA PRADESH,2023,6,2080561
MADHYA PRADESH,2023,7,1412677
MADHYA PRADESH,2023,8,1124705
MADHYA PRADESH,2023,9,1257090
MADHYA PRADESH,2023,10,1493671
MADHYA PRADESH,2023,11,1144386
MADHYA PRADESH,2023,12,1744052
MADHYA PRADESH,2024,1,1716835
MADHYA PRADESH,2024,2,1544324
MADHYA PRADESH,2024,3,1175474
MAHARASHTRA,2023,4,434014
MAHARASHTRA,2023,5,878433
MAHARASHTRA,2023,6,1087040
MAHARASHTRA,2023,7,636754
MAHARASHTRA,2023,8,460267
MAHARASHTRA,2023,9,434531
MAHARASHTRA,2023,10,484822
MAHARASHTRA,2023,11,426300
MAHARASHTRA,2023,12,710311
MAHARASHTRA,2024,1,802284
MAHARASHTRA,2024,2,1075108
MAHARASHTRA,2024,3,1099863
MANIPUR,2023,4,3008
MANIPUR,2023,5,4504
MANIPUR,2023,6,893
MANIPUR,2023,7,55213
MANIPUR,2023,8,119780
MANIPUR,2023,9,119699
MANIPUR,2023,10,218344
MANIPUR,2023,11,168174
MANIPUR,2023,12,199348
MANIPUR,2024,1,107204
MANIPUR,2024,2,137871
MANIPUR,2024,3,299651
MEGHALAYA,2023,4,31660
MEGHALAYA,2023,5,104141
MEGHALAYA,2023,6,123762
MEGHALAYA,2023,7,206864
MEGHALAYA,2023,8,204935
MEGHALAYA,2023,9,183014
MEGHALAYA,2023,10,177099
MEGHALAYA,2023,11,235259
MEGHALAYA,2023,12,178481
MEGHALAYA,2024,1,172662
MEGHALAYA,2024,2,195849
MEGHALAYA,2024,3,183007
MIZORAM,2023,4,211141
MIZORAM,2023,5,211623
MIZORAM,2023,6,211746
MIZORAM,2023,7,211848
MIZORAM,2023,8,211752
MIZORAM,2023,9,212609
MIZORAM,2023,10,213641
MIZORAM,2023,11,213352
MIZORAM,2023,12,213016
MIZORAM,2024,1,211335
MIZORAM,2024,2,204984
MIZORAM,2024,3,204327
NAGALAND,2023,4,166637
NAGALAND,2023,5,347137
NAGALAND,2023,6,368322
NAGALAND,2023,7,186754
NAGALAND,2023,8,123957
NAGALAND,2023,9,143
NAGALAND,2023,10,2334
NAGALAND,2023,11,201164
NAGALAND,2023,12,85969
NAGALAND,2024,1,0
NAGALAND,2024,2,1650
NAGALAND,2024,3,30291
ODISHA,2023,4,1132319
ODISHA,2023,5,1456970
ODISHA,2023,6,1423402
ODISHA,2023,7,1101873
ODISHA,2023,8,862553
ODISHA,2023,9,1076860
ODISHA,2023,10,1030457
ODISHA,2023,11,1088247
ODISHA,2023,12,960972
ODISHA,2024,1,688166
ODISHA,2024,2,654463
ODISHA,2024,3,546085
PUNJAB,2023,4,269266
PUNJAB,2023,5,467738
PUNJAB,2023,6,478978
PUNJAB,2023,7,424901
PUNJAB,2023,8,395932
PUNJAB,2023,9,447936
PUNJAB,2023,10,346049
PUNJAB,2023,11,373929
PUNJAB,2023,12,415194
PUNJAB,2024,1,320608
PUNJAB,2024,2,293083
PUNJAB,2024,3,254776
RAJASTHAN,2023,4,2151208
RAJASTHAN,2023,5,2987529
RAJASTHAN,2023,6,3638643
RAJASTHAN,2023,7,2053435
RAJASTHAN,2023,8,1489798
RAJASTHAN,2023,9,1634415
RAJASTHAN,2023,10,1801589
RAJASTHAN,2023,11,1497858
RAJASTHAN,2023,12,2294706
RAJASTHAN,2024,1,2930917
RAJASTHAN,2024,2,2743526
RAJASTHAN,2024,3,2517344
SIKKIM,2023,4,19849
SIKKIM,2023,5,21290
SIKKIM,2023,6,27439
SIKKIM,2023,7,39268
SIKKIM,2023,8,26751
SIKKIM,2023,9,23216
SIKKIM,2023,10,15805
SIKKIM,2023,11,12619
SIKKIM,2023,12,17979
SIKKIM,2024,1,21700
SIKKIM,2024,2,21629
SIKKIM,2024,3,12415
TAMIL NADU,2023,4,4540225
TAMIL NADU,2023,5,4809144
TAMIL NADU,2023,6,5394406
TAMIL NADU,2023,7,5312358
TAMIL NADU,2023,8,5665694
TAMIL NADU,2023,9,4881126
TAMIL NADU,2023,10,4358467
TAMIL NADU,2023,11,3774561
TAMIL NADU,2023,12,3208247
TAMIL NADU,2024,1,2534907
TAMIL NADU,2024,2,2693097
TAMIL NADU,2024,3,173633
TELANGANA,2023,4,1697624
TELANGANA,2023,5,1971311
TELANGANA,2023,6,1617399
TELANGANA,2023,7,610493
TELANGANA,2023,8,343714
TELANGANA,2023,9,279493
TELANGANA,2023,10,496899
TELANGANA,2023,11,545552
TELANGANA,2023,12,483883
TELANGANA,2024,1,570103
TELANGANA,2024,2,1219557
TELANGANA,2024,3,1581329
TRIPURA,2023,4,113353
TRIPURA,2023,5,370195
TRIPURA,2023,6,387417
TRIPURA,2023,7,403026
TRIPURA,2023,8,318945
TRIPURA,2023,9,377169
TRIPURA,2023,10,192957
TRIPURA,2023,11,146681
TRIPURA,2023,12,202029
TRIPURA,2024,1,129855
TRIPURA,2024,2,109082
TRIPURA,2024,3,94371
UTTAR PRADESH,2023,4,2086980
UTTAR PRADESH,2023,5,3149810
UTTAR PRADESH,2023,6,3631634
UTTAR PRADESH,2023,7,2824682
UTTAR PRADESH,2023,8,2046592
UTTAR PRADESH,2023,9,2082450
UTTAR PRADESH,2023,10,2009199
UTTAR PRADESH,2023,11,1813569
UTTAR PRADESH,2023,12,2167841
UTTAR PRADESH,2024,1,1848296
UTTAR PRADESH,2024,2,1770235
UTTAR PRADESH,2024,3,1653367
UTTARAKHAND,2023,4,144670
UTTARAKHAND,2023,5,143351
UTTARAKHAND,2023,6,128076
UTTARAKHAND,2023,7,115953
UTTARAKHAND,2023,8,120686
UTTARAKHAND,2023,9,130218
UTTARAKHAND,2023,10,127994
UTTARAKHAND,2023,11,111078
UTTARAKHAND,2023,12,153128
UTTARAKHAND,2024,1,154664
UTTARAKHAND,2024,2,159713
UTTARAKHAND,2024,3,144323
WEST BENGAL,2023,4,4708
WEST BENGAL,2023,5,4656
WEST BENGAL,2023,6,1401
WEST BENGAL,2023,7,8
WEST BENGAL,2023,8,5
WEST BENGAL,2023,9,10
WEST BENGAL,2023,10,0
WEST BENGAL,2023,11,0
WEST BENGAL,2023,12,0
WEST BENGAL,2024,1,0
WEST BENGAL,2024,2,0
WEST BENGAL,2024,3,0
ANDAMAN AND NICOBAR,2023,4,1487
ANDAMAN AND NICOBAR,2023,5,1219
ANDAMAN AND NICOBAR,2023,6,911
ANDAMAN AND NICOBAR,2023,7,868
ANDAMAN AND NICOBAR,2023,8,866
ANDAMAN AND NICOBAR,2023,9,535
ANDAMAN AND NICOBAR,2023,10,710
ANDAMAN AND NICOBAR,2023,11,1199
ANDAMAN AND NICOBAR,2023,12,1409
ANDAMAN AND NICOBAR,2024,1,1855
ANDAMAN AND NICOBAR,2024,2,2338
ANDAMAN AND NICOBAR,2024,3,2301
DN HAVELI AND DD,2023,4,0
DN HAVELI AND DD,2023,5,0
DN HAVELI AND DD,2023,6,1
DN HAVELI AND DD,2023,7,0
DN HAVELI AND DD,2023,8,0
DN HAVELI AND DD,2023,9,0
DN HAVELI AND DD,2023,10,2
DN HAVELI AND DD,2023,11,625
DN HAVELI AND DD,2023,12,418
DN HAVELI AND DD,2024,1,2
DN HAVELI AND DD,2024,2,3
DN HAVELI AND DD,2024,3,798
LAKSHADWEEP,2023,4,35
LAKSHADWEEP,2023,5,20
LAKSHADWEEP,2023,6,45
LAKSHADWEEP,2023,7,33
LAKSHADWEEP,2023,8,39
LAKSHADWEEP,2023,9,32
LAKSHADWEEP,2023,10,31
LAKSHADWEEP,2023,11,42
LAKSHADWEEP,2023,12,18
LAKSHADWEEP,2024,1,1
LAKSHADWEEP,2024,2,5
LAKSHADWEEP,2024,3,0
PUDUCHERRY,2023,4,9504
PUDUCHERRY,2023,5,29638
PUDUCHERRY,2023,6,38255
PUDUCHERRY,2023,7,41324
PUDUCHERRY,2023,8,29318
PUDUCHERRY,2023,9,19547
PUDUCHERRY,2023,10,20962
PUDUCHERRY,2023,11,7974
PUDUCHERRY,2023,12,17625
PUDUCHERRY,2024,1,14059
PUDUCHERRY,2024,2,28917
PUDUCHERRY,2024,3,16090
